rank,symbol,composite_score,quality_tier,recommendation,sector,interpretation,d1_profitability,d2_financial,d3_valuation,d4_growth,d5_management,d6_moat,d7_sentiment,profitability_contribution,financial_contribution,valuation_contribution,growth_contribution,management_contribution,moat_contribution,sentiment_contribution,watch_list,watch_list_warning
1,GLAS.N0000,94.16,Exceptional,STRONG BUY - Exceptional quality at fair/attractive valuation,Industrial,Exceptional Industrial compounder - top-tier quality across all dimensions,100.0,100.0,77.4,94.8062,100.0,88.5,89.6,20.0,20.0,11.61,14.22,15.0,8.85,4.48,False,
2,CTC.N0000,93.34,Exceptional,STRONG BUY - Exceptional quality at fair/attractive valuation,Mature,Exceptional Mature compounder - top-tier quality across all dimensions,100.0,90.0,79.4,98.05893333333331,100.0,100.0,74.35,20.0,18.0,11.91,14.71,15.0,10.0,3.72,False,
3,MCPL.N0000,92.5,Exceptional,STRONG BUY - Exceptional quality at fair/attractive valuation,Industrial,Exceptional Industrial compounder - top-tier quality across all dimensions,89.7,100.0,81.2,100.0,100.0,100.0,47.65,17.94,20.0,12.18,15.0,15.0,10.0,2.38,False,
4,JINS.N0000,90.03,Exceptional,STRONG BUY - Exceptional quality at fair/attractive valuation,Financial,Exceptional Financial compounder - top-tier quality across all dimensions,70.0,94.8,90.5,100.0,100.0,85.0,100.0,14.0,18.96,13.57,15.0,15.0,8.5,5.0,False,
5,ASHO.N0000,89.62,Exceptional,STRONG BUY - Exceptional quality at fair/attractive valuation,Industrial,Exceptional Industrial compounder - top-tier quality across all dimensions,70.0,95.8,87.2,100.0,100.0,83.8,100.0,14.0,19.16,13.08,15.0,15.0,8.38,5.0,False,
6,CARS.N0000,88.3,Exceptional,STRONG BUY - Exceptional quality at fair/attractive valuation,Financial,Exceptional Financial compounder - top-tier quality across all dimensions,67.1,98.1,87.2,100.0,100.0,82.6,78.35,13.42,19.62,13.08,15.0,15.0,8.26,3.92,False,
7,LFIN.N0000,88.27,Exceptional,STRONG BUY - Exceptional quality at fair/attractive valuation,Financial,Exceptional Financial compounder - top-tier quality across all dimensions,65.5,94.8,84.7,100.0,100.0,85.0,100.0,13.1,18.96,12.71,15.0,15.0,8.5,5.0,False,
8,CDB.X0000,87.88,Exceptional,STRONG BUY - Exceptional quality at fair/attractive valuation,Financial,Exceptional Financial compounder - top-tier quality across all dimensions,70.0,89.5,88.7,100.0,100.0,85.0,83.45,14.0,17.9,13.3,15.0,15.0,8.5,4.17,False,
9,CFIN.N0000,87.74,Exceptional,STRONG BUY - Exceptional quality at fair/attractive valuation,Financial,Exceptional Financial compounder - top-tier quality across all dimensions,70.0,94.8,85.1,100.0,100.0,85.0,70.35,14.0,18.96,12.76,15.0,15.0,8.5,3.52,False,
10,KCAB.N0000,87.56,Exceptional,"BUY - Exceptional quality, monitor valuation",Industrial,Exceptional Industrial compounder - top-tier quality across all dimensions,100.0,91.2,52.3,100.0,93.0,75.30000000000001,100.0,20.0,18.24,7.84,15.0,13.95,7.53,5.0,False,
11,ACL.N0000,87.36,Exceptional,"BUY - Exceptional quality, monitor valuation",Industrial,Exceptional Industrial compounder - top-tier quality across all dimensions,96.9,100.0,51.1,100.0,100.0,57.3,91.75,19.38,20.0,7.67,15.0,15.0,5.73,4.59,False,
12,CDB.N0000,87.31,Exceptional,STRONG BUY - Exceptional quality at fair/attractive valuation,Financial,Exceptional Financial compounder - top-tier quality across all dimensions,70.0,89.5,88.1,100.0,100.0,85.0,73.9,14.0,17.9,13.21,15.0,15.0,8.5,3.7,False,
13,LION.N0000,86.88,Exceptional,STRONG BUY - Exceptional quality at fair/attractive valuation,Industrial,Exceptional Industrial compounder - top-tier quality across all dimensions,91.2,94.5,77.9,75.67406666666666,100.0,83.4,67.35,18.24,18.9,11.69,11.35,15.0,8.34,3.37,False,
14,AAIC.N0000,86.84,Exceptional,STRONG BUY - Exceptional quality at fair/attractive valuation,Financial,Exceptional Financial compounder - top-tier quality across all dimensions,60.1,94.8,89.2,98.58883333333333,100.0,85.0,83.85,12.02,18.96,13.38,14.79,15.0,8.5,4.19,False,
15,COMD.N0000,86.66,Exceptional,"BUY - Exceptional quality, monitor valuation",Industrial,Exceptional Industrial compounder - top-tier quality across all dimensions,70.0,100.0,64.7,100.0,100.0,100.0,59.2,14.0,20.0,9.71,15.0,15.0,10.0,2.96,False,
16,ALLI.N0000,86.44,Exceptional,STRONG BUY - Exceptional quality at fair/attractive valuation,Financial,Exceptional Financial compounder - top-tier quality across all dimensions,67.7,86.5,85.4,100.0,100.0,85.0,85.8,13.54,17.3,12.81,15.0,15.0,8.5,4.29,False,
17,AFSL.N0000,86.33,Exceptional,STRONG BUY - Exceptional quality at fair/attractive valuation,Financial,Exceptional Financial compounder - top-tier quality across all dimensions,70.0,91.2,83.5,100.0,100.0,85.0,61.2,14.0,18.24,12.53,15.0,15.0,8.5,3.06,False,
18,BREW.N0000,86.19,Exceptional,STRONG BUY - Exceptional quality at fair/attractive valuation,Industrial,Exceptional Industrial compounder - top-tier quality across all dimensions,83.9,94.5,83.1,97.9134,73.5,80.2,86.35,16.78,18.9,12.46,14.69,11.03,8.02,4.32,False,
19,COCR.N0000,86.14,Exceptional,STRONG BUY - Exceptional quality at fair/attractive valuation,Financial,Exceptional Financial compounder - top-tier quality across all dimensions,55.9,93.2,85.9,100.0,100.0,85.0,98.8,11.18,18.64,12.88,15.0,15.0,8.5,4.94,False,
20,RWSL.N0000,85.09,Exceptional,"BUY - Exceptional quality, monitor valuation",Industrial,Exceptional Industrial compounder - top-tier quality across all dimensions,70.0,100.0,60.7,100.0,100.0,82.5,74.7,14.0,20.0,9.11,15.0,15.0,8.25,3.74,False,
21,HNB.X0000,83.73,Strong,BUY - Strong quality at fair valuation,Financial,Strong Financial business - quality company at reasonable valuation,70.0,69.5,88.0,100.0,100.0,76.3,100.0,14.0,13.9,13.2,15.0,15.0,7.63,5.0,False,
22,SOY.N0000,83.44,Strong,BUY - Strong quality overall,Industrial,Strong Industrial business - quality company at reasonable valuation,94.3,100.0,65.3,66.42706666666666,91.5,78.0,65.9,18.86,20.0,9.79,9.96,13.72,7.8,3.3,False,
23,SFIN.N0000,83.34,Strong,BUY - Strong quality at fair valuation,Financial,Strong Financial business - quality company at reasonable valuation,62.5,78.3,86.0,100.0,100.0,85.0,75.6,12.5,15.66,12.9,15.0,15.0,8.5,3.78,False,
24,VFIN.N0000,83.23,Strong,BUY - Strong quality at fair valuation,Financial,Strong Financial business - quality company at reasonable valuation,51.6,89.8,85.4,100.0,100.0,85.0,72.9,10.32,17.96,12.81,15.0,15.0,8.5,3.65,False,
25,LITE.N0000,83.2,Strong,BUY - Strong quality at fair valuation,Industrial,Strong Industrial business - quality company at reasonable valuation,70.0,85.9,72.4,91.5515,100.0,80.9,86.65,14.0,17.18,10.86,13.73,15.0,8.09,4.33,False,
26,GRAN.N0000,83.13,Strong,BUY - Strong quality at fair valuation,Industrial,Strong Industrial business - quality company at reasonable valuation,70.0,100.0,72.1,100.0,73.5,78.6,88.65,14.0,20.0,10.81,15.0,11.03,7.86,4.43,False,
27,PLC.N0000,82.85,Strong,BUY - Strong quality at fair valuation,Financial,Strong Financial business - quality company at reasonable valuation,69.3,88.5,83.4,90.33013333333332,88.5,85.0,69.05,13.86,17.7,12.51,13.55,13.28,8.5,3.45,False,
28,NTB.N0000,82.53,Strong,BUY - Strong quality at fair valuation,Financial,Strong Financial business - quality company at reasonable valuation,57.5,75.3,84.6,100.0,100.0,85.0,95.6,11.5,15.06,12.69,15.0,15.0,8.5,4.78,False,
29,COLO.N0000,82.46,Strong,BUY - Strong quality overall,Industrial,Strong Industrial business - quality company at reasonable valuation,61.5,94.7,64.4,88.0068,100.0,100.0,67.25,12.3,18.94,9.66,13.2,15.0,10.0,3.36,False,
30,HNB.N0000,82.44,Strong,BUY - Strong quality at fair valuation,Financial,Strong Financial business - quality company at reasonable valuation,70.0,69.5,87.3,100.0,100.0,76.3,76.35,14.0,13.9,13.09,15.0,15.0,7.63,3.82,False,
31,WATA.N0000,82.4,Strong,"HOLD - Strong quality but expensive, wait for better entry",Industrial,Strong Industrial business - quality company at reasonable valuation,80.0,81.8,45.2,88.39573333333334,100.0,100.0,100.0,16.0,16.36,6.78,13.26,15.0,10.0,5.0,False,
32,ABAN.N0000,82.26,Strong,BUY - Strong quality at fair valuation,Industrial,Strong Industrial business - quality company at reasonable valuation,66.4,94.1,73.3,85.718,100.0,67.9,90.25,13.28,18.82,10.99,12.86,15.0,6.79,4.51,False,
33,COMB.N0000,82.25,Strong,BUY - Strong quality at fair valuation,Financial,Strong Financial business - quality company at reasonable valuation,70.0,65.5,87.1,100.0,100.0,76.3,89.05,14.0,13.1,13.06,15.0,15.0,7.63,4.45,False,
34,COMB.X0000,82.21,Strong,BUY - Strong quality at fair valuation,Financial,Strong Financial business - quality company at reasonable valuation,70.0,65.5,87.2,100.0,100.0,76.3,88.05,14.0,13.1,13.08,15.0,15.0,7.63,4.4,False,
35,SEYB.N0000,81.89,Strong,BUY - Strong quality at fair valuation,Financial,Strong Financial business - quality company at reasonable valuation,70.0,61.2,86.2,100.0,100.0,85.0,84.4,14.0,12.24,12.93,15.0,15.0,8.5,4.22,False,
36,HHL.N0000,81.85,Strong,BUY - Strong quality overall,Industrial,Strong Industrial business - quality company at reasonable valuation,70.0,92.6,66.8,86.11723333333333,100.0,76.3,75.15,14.0,18.52,10.02,12.92,15.0,7.63,3.76,False,
37,NTB.X0000,81.84,Strong,BUY - Strong quality at fair valuation,Financial,Strong Financial business - quality company at reasonable valuation,57.5,75.3,84.5,100.0,100.0,85.0,82.15,11.5,15.06,12.67,15.0,15.0,8.5,4.11,False,
38,SAMP.N0000,81.83,Strong,BUY - Strong quality at fair valuation,Financial,Strong Financial business - quality company at reasonable valuation,70.0,62.0,87.2,100.0,100.0,85.0,77.1,14.0,12.4,13.08,15.0,15.0,8.5,3.85,False,
39,SUN.N0000,81.56,Strong,BUY - Strong quality overall,Industrial,Strong Industrial business - quality company at reasonable valuation,90.0,94.9,54.7,62.9426,100.0,69.4,99.95,18.0,18.98,8.21,9.44,15.0,6.94,5.0,False,
40,SEYB.X0000,81.51,Strong,BUY - Strong quality at fair valuation,Financial,Strong Financial business - quality company at reasonable valuation,70.0,61.2,88.5,100.0,100.0,85.0,69.95,14.0,12.24,13.28,15.0,15.0,8.5,3.5,False,
41,SFCL.N0000,81.32,Strong,BUY - Strong quality at fair valuation,Financial,Strong Financial business - quality company at reasonable valuation,68.5,90.1,81.7,100.0,72.5,85.0,59.4,13.7,18.02,12.26,15.0,10.88,8.5,2.97,False,
42,PABC.N0000,81.11,Strong,BUY - Strong quality at fair valuation,Financial,Strong Financial business - quality company at reasonable valuation,70.0,65.6,85.3,100.0,100.0,74.7,74.55,14.0,13.12,12.79,15.0,15.0,7.47,3.73,False,
43,CIND.N0000,80.97,Strong,"HOLD - Strong quality but expensive, wait for better entry",Industrial,Strong Industrial business - quality company at reasonable valuation,93.3,100.0,49.0,84.46086666666667,88.5,60.3,59.8,18.66,20.0,7.35,12.67,13.28,6.03,2.99,False,
44,GREG.N0000,80.42,Strong,BUY - Strong quality overall,Industrial,Strong Industrial business - quality company at reasonable valuation,70.0,76.7,60.7,97.1028,100.0,79.9,88.35,14.0,15.34,9.11,14.57,15.0,7.99,4.42,False,
45,CFVF.N0000,80.4,Strong,BUY - Strong quality overall,Industrial,Strong Industrial business - quality company at reasonable valuation,71.6,54.1,69.0,100.0,100.0,100.0,98.25,14.32,10.82,10.35,15.0,15.0,10.0,4.91,False,
46,LALU.N0000,80.33,Strong,BUY - Strong quality at fair valuation,Industrial,Strong Industrial business - quality company at reasonable valuation,69.7,100.0,79.2,84.00153333333333,93.5,51.400000000000006,54.95,13.94,20.0,11.88,12.6,14.03,5.14,2.75,False,
47,NDB.N0000,80.3,Strong,BUY - Strong quality at fair valuation,Financial,Strong Financial business - quality company at reasonable valuation,67.7,62.1,88.9,100.0,100.0,68.2,83.7,13.54,12.42,13.34,15.0,15.0,6.82,4.19,False,
48,DFCC.N0000,80.0,Strong,BUY - Strong quality at fair valuation,Financial,Strong Financial business - quality company at reasonable valuation,59.4,66.7,87.1,100.0,100.0,83.0,68.35,11.88,13.34,13.06,15.0,15.0,8.3,3.42,False,
49,SIRA.N0000,79.85,Strong,BUY - Strong quality overall,Industrial,Strong Industrial business - quality company at reasonable valuation,67.4,76.7,59.7,100.0,100.0,82.6,76.25,13.48,15.34,8.96,15.0,15.0,8.26,3.81,False,
50,VONE.N0000,79.76,Strong,BUY - Strong quality overall,Industrial,Strong Industrial business - quality company at reasonable valuation,68.5,75.2,56.7,99.65333333333334,100.0,88.8,73.65,13.7,15.04,8.51,14.95,15.0,8.88,3.68,False,
51,SFCL.R0000,79.66,Strong,BUY - Strong quality at fair valuation,Financial,Strong Financial business - quality company at reasonable valuation,68.5,90.1,81.7,100.0,56.5,85.0,74.25,13.7,18.02,12.26,15.0,8.47,8.5,3.71,False,
52,LAMB.N0000,79.52,Strong,"HOLD - Strong quality but expensive, wait for better entry",Industrial,Strong Industrial business - quality company at reasonable valuation,78.8,96.8,27.6,87.82246666666666,98.0,73.9,100.0,15.76,19.36,4.14,13.17,14.7,7.39,5.0,False,
53,UAL.N0000,79.47,Strong,BUY - Strong quality at fair valuation,Financial,Strong Financial business - quality company at reasonable valuation,70.0,90.2,83.7,88.893125,72.0,70.5,73.85,14.0,18.04,12.55,13.33,10.8,7.05,3.69,False,
54,HASU.N0000,79.34,Strong,BUY - Strong quality at fair valuation,Financial,Strong Financial business - quality company at reasonable valuation,70.0,75.9,85.8,74.73222222222222,99.5,82.6,57.95,14.0,15.18,12.87,11.21,14.92,8.26,2.9,False,
55,UCAR.N0000,79.14,Strong,BUY - Strong quality at fair valuation,Industrial,Strong Industrial business - quality company at reasonable valuation,98.8,83.2,78.8,48.1604,100.0,57.900000000000006,58.2,19.76,16.64,11.82,7.22,15.0,5.79,2.91,False,
56,BUKI.N0000,78.94,Strong,BUY - Strong quality at fair valuation,Industrial,Strong Industrial business - quality company at reasonable valuation,70.2,98.1,87.1,34.042,100.0,82.6,77.05,14.04,19.62,13.06,5.11,15.0,8.26,3.85,False,
57,LOFC.N0000,78.53,Strong,BUY - Strong quality at fair valuation,Financial,Strong Financial business - quality company at reasonable valuation,76.2,94.8,91.4,80.1159375,54.0,85.0,40.0,15.24,18.96,13.71,12.02,8.1,8.5,2.0,False,
58,OSEA.N0000,78.47,Strong,BUY - Strong quality overall,Industrial,Strong Industrial business - quality company at reasonable valuation,42.8,91.6,62.1,93.75,100.0,100.0,64.2,8.56,18.32,9.31,14.06,15.0,10.0,3.21,False,
59,GUAR.N0000,77.93,Strong,BUY - Strong quality at fair valuation,Financial,Strong Financial business - quality company at reasonable valuation,70.0,93.0,92.5,43.75,99.5,70.0,59.4,14.0,18.6,13.88,6.56,14.92,7.0,2.97,False,
60,RPBH.N0000,77.83,Strong,BUY - Strong quality overall,Industrial,Strong Industrial business - quality company at reasonable valuation,46.0,100.0,55.4,79.5676,96.5,99.6,79.05,9.2,20.0,8.31,11.94,14.47,9.96,3.95,False,
61,CHL.N0000,77.83,Strong,BUY - Strong quality overall,Industrial,Strong Industrial business - quality company at reasonable valuation,42.5,87.3,57.8,100.0,100.0,97.1,69.7,8.5,17.46,8.67,15.0,15.0,9.71,3.49,False,
62,WAPO.N0000,77.73,Strong,BUY - Strong quality overall,Industrial,Strong Industrial business - quality company at reasonable valuation,24.5,98.0,64.0,100.0,100.0,100.0,72.65,4.9,19.6,9.6,15.0,15.0,10.0,3.63,False,
63,SDF.N0000,77.54,Strong,BUY - Strong quality at fair valuation,Financial,Strong Financial business - quality company at reasonable valuation,61.9,87.8,88.5,100.0,55.0,85.0,51.45,12.38,17.56,13.28,15.0,8.25,8.5,2.57,False,
64,CHL.X0000,77.5,Strong,BUY - Strong quality overall,Industrial,Strong Industrial business - quality company at reasonable valuation,42.5,87.3,58.8,100.0,100.0,97.1,60.25,8.5,17.46,8.82,15.0,15.0,9.71,3.01,False,
65,ELPL.N0000,77.29,Strong,BUY - Strong quality overall,Industrial,Strong Industrial business - quality company at reasonable valuation,68.3,100.0,57.4,63.8368,100.0,67.3,74.2,13.66,20.0,8.61,9.58,15.0,6.73,3.71,False,
66,DIST.N0000,77.2,Strong,BUY - Strong quality overall,Industrial,Strong Industrial business - quality company at reasonable valuation,80.0,93.4,69.5,82.9713,35.0,100.0,87.95,16.0,18.68,10.42,12.45,5.25,10.0,4.4,False,
67,NAMU.N0000,76.76,Strong,BUY - Strong quality overall,Industrial,Strong Industrial business - quality company at reasonable valuation,79.6,100.0,56.8,81.95975,60.0,68.1,84.4,15.92,20.0,8.52,12.29,9.0,6.81,4.22,False,
68,AAF.N0000,76.44,Strong,BUY - Strong quality at fair valuation,Financial,Strong Financial business - quality company at reasonable valuation,30.3,75.4,79.8,100.0,100.0,85.0,96.6,6.06,15.08,11.97,15.0,15.0,8.5,4.83,False,
69,PARQ.N0000,75.73,Strong,"HOLD - Strong quality but expensive, wait for better entry",Industrial,Strong Industrial business - quality company at reasonable valuation,70.0,63.8,48.7,100.0,100.0,80.2,72.95,14.0,12.76,7.3,15.0,15.0,8.02,3.65,False,
70,TAP.N0000,75.33,Strong,BUY - Strong quality overall,Industrial,Strong Industrial business - quality company at reasonable valuation,55.5,65.6,61.0,96.838,100.0,79.9,88.9,11.1,13.12,9.15,14.53,15.0,7.99,4.45,False,
71,JKL.N0000,75.1,Strong,BUY - Strong quality at fair valuation,Industrial,Strong Industrial business - quality company at reasonable valuation,57.0,94.8,70.4,82.19120000000001,71.0,85.6,52.85,11.4,18.96,10.56,12.33,10.65,8.56,2.64,False,
72,AMF.N0000,75.06,Strong,BUY - Strong quality at fair valuation,Financial,Strong Financial business - quality company at reasonable valuation,70.0,71.0,92.5,43.75,100.0,85.0,58.55,14.0,14.2,13.88,6.56,15.0,8.5,2.93,False,
73,CIT.N0000,74.99,Strong,BUY - Strong quality overall,Industrial,Strong Industrial business - quality company at reasonable valuation,38.7,75.2,64.0,95.0,100.0,100.0,67.2,7.74,15.04,9.6,14.25,15.0,10.0,3.36,False,
74,LHCL.N0000,74.93,Strong,BUY - Strong quality at fair valuation,Industrial,Strong Industrial business - quality company at reasonable valuation,69.3,100.0,74.9,70.58765,66.0,57.0,72.85,13.86,20.0,11.24,10.59,9.9,5.7,3.64,False,
75,SINS.N0000,74.85,Strong,BUY - Strong quality overall,Industrial,Strong Industrial business - quality company at reasonable valuation,70.0,45.8,58.8,100.0,100.0,83.8,89.85,14.0,9.16,8.82,15.0,15.0,8.38,4.49,False,
76,GEST.N0000,74.48,Strong,BUY - Strong quality at fair valuation,Industrial,Strong Industrial business - quality company at reasonable valuation,48.8,91.7,80.0,85.572,64.0,79.5,79.9,9.76,18.34,12.0,12.84,9.6,7.95,4.0,False,
77,PKME.N0000,74.35,Strong,"HOLD - Strong quality but expensive, wait for better entry",Industrial,Strong Industrial business - quality company at reasonable valuation,100.0,98.7,42.4,100.0,0.0,100.0,65.05,20.0,19.74,6.36,15.0,0.0,10.0,3.25,False,
78,ETWO.N0000,74.26,Strong,BUY - Strong quality overall,Industrial,Strong Industrial business - quality company at reasonable valuation,46.3,78.8,63.9,87.09136666666666,92.0,100.0,55.8,9.26,15.76,9.58,13.06,13.8,10.0,2.79,False,
79,ASIR.N0000,74.21,Strong,BUY - Strong quality overall,Industrial,Strong Industrial business - quality company at reasonable valuation,65.8,57.1,61.4,100.0,80.5,92.5,81.85,13.16,11.42,9.21,15.0,12.07,9.25,4.09,False,
80,UDPL.N0000,74.13,Strong,BUY - Strong quality at fair valuation,Industrial,Strong Industrial business - quality company at reasonable valuation,81.9,99.2,80.9,44.2824,55.5,71.0,74.15,16.38,19.84,12.13,6.64,8.32,7.1,3.71,False,
81,CSLK.N0000,73.95,Strong,BUY - Strong quality overall,Industrial,Strong Industrial business - quality company at reasonable valuation,99.1,100.0,65.3,100.0,0.0,62.5,61.65,19.82,20.0,9.79,15.0,0.0,6.25,3.08,False,
82,KZOO.N0000,73.83,Strong,BUY - Strong quality overall,Industrial,Strong Industrial business - quality company at reasonable valuation,49.1,84.0,51.9,100.0,100.0,64.6,59.35,9.82,16.8,7.78,15.0,15.0,6.46,2.97,False,
83,CFI.N0000,73.63,Strong,BUY - Strong quality overall,Industrial,Strong Industrial business - quality company at reasonable valuation,39.5,75.2,64.0,82.612,100.0,100.0,73.95,7.9,15.04,9.6,12.39,15.0,10.0,3.7,False,
84,SINH.N0000,73.62,Strong,"HOLD - Strong quality but expensive, wait for better entry",Industrial,Strong Industrial business - quality company at reasonable valuation,27.3,92.4,35.6,100.0,100.0,100.0,86.75,5.46,18.48,5.34,15.0,15.0,10.0,4.34,False,
85,AEL.N0000,73.28,Strong,BUY - Strong quality overall,Industrial,Strong Industrial business - quality company at reasonable valuation,53.5,59.5,57.4,100.0,100.0,77.8,85.8,10.7,11.9,8.61,15.0,15.0,7.78,4.29,False,
86,MERC.N0000,73.26,Strong,BUY - Strong quality at fair valuation,Financial,Strong Financial business - quality company at reasonable valuation,43.9,82.7,87.0,100.0,54.0,85.0,65.75,8.78,16.54,13.05,15.0,8.1,8.5,3.29,False,
87,ABL.N0000,72.99,Strong,BUY - Strong quality at fair valuation,Financial,Strong Financial business - quality company at reasonable valuation,63.8,65.7,92.1,91.358125,72.5,52.5,68.85,12.76,13.14,13.81,13.7,10.88,5.25,3.44,False,
88,CSD.N0000,72.82,Strong,"HOLD - Strong quality but expensive, wait for better entry",Industrial,Strong Industrial business - quality company at reasonable valuation,59.4,94.8,47.9,53.528866666666666,95.5,100.0,48.85,11.88,18.96,7.18,8.03,14.32,10.0,2.44,False,
89,MELS.N0000,72.39,Strong,BUY - Strong quality overall,Industrial,Strong Industrial business - quality company at reasonable valuation,60.5,81.3,60.6,100.0,62.5,61.8,87.75,12.1,16.26,9.09,15.0,9.38,6.18,4.39,False,
90,VLL.N0000,72.28,Strong,BUY - Strong quality overall,Mature,Strong Mature business - quality company at reasonable valuation,57.9,91.6,53.6,56.52119999999999,91.5,89.8,63.2,11.58,18.32,8.04,8.48,13.72,8.98,3.16,False,
91,EBCR.N0000,71.91,Strong,BUY - Strong quality overall,Industrial,Strong Industrial business - quality company at reasonable valuation,57.4,63.9,57.0,100.0,90.5,76.19999999999999,58.05,11.48,12.78,8.55,15.0,13.57,7.62,2.9,False,
92,APLA.N0000,71.8,Strong,BUY - Strong quality overall,Industrial,Strong Industrial business - quality company at reasonable valuation,100.0,84.0,56.9,44.32493333333333,70.5,51.9,80.95,20.0,16.8,8.54,6.65,10.57,5.19,4.05,False,
93,ECL.N0000,71.64,Strong,"HOLD - Strong quality but expensive, wait for better entry",Industrial,Strong Industrial business - quality company at reasonable valuation,70.0,100.0,39.8,51.99286666666667,84.0,83.0,59.35,14.0,20.0,5.97,7.8,12.6,8.3,2.97,False,
94,CINV.N0000,71.28,Strong,BUY - Strong quality overall,Industrial,Strong Industrial business - quality company at reasonable valuation,53.8,98.0,64.0,25.0,98.0,100.0,57.4,10.76,19.6,9.6,3.75,14.7,10.0,2.87,False,
95,NEH.N0000,71.25,Strong,BUY - Strong quality overall,Industrial,Strong Industrial business - quality company at reasonable valuation,40.0,100.0,57.0,32.44200000000001,100.0,100.0,96.75,8.0,20.0,8.55,4.87,15.0,10.0,4.84,False,
96,RFL.N0000,70.86,Strong,BUY - Strong quality at fair valuation,Industrial,Strong Industrial business - quality company at reasonable valuation,46.9,100.0,72.8,33.75,92.0,79.0,75.95,9.38,20.0,10.92,5.06,13.8,7.9,3.8,False,
97,LMF.N0000,70.83,Strong,"HOLD - Strong quality but expensive, wait for better entry",Industrial,Strong Industrial business - quality company at reasonable valuation,43.6,73.3,35.7,100.0,100.0,77.4,87.2,8.72,14.66,5.36,15.0,15.0,7.74,4.36,False,
98,ASIY.N0000,70.15,Strong,BUY - Strong quality at fair valuation,Industrial,Strong Industrial business - quality company at reasonable valuation,61.4,49.3,70.6,82.832,87.0,73.7,91.55,12.28,9.86,10.59,12.42,13.05,7.37,4.58,False,
99,AFS.N0000,69.78,Moderate,"HOLD - Average quality, needs improvement or better price",Industrial,Moderate Industrial business - average quality or mixed signals,65.7,91.6,43.6,100.0,39.0,85.80000000000001,47.0,13.14,18.32,6.54,15.0,5.85,8.58,2.35,False,
100,CCS.N0000,69.68,Moderate,"HOLD - Average quality, needs improvement or better price",Mature,Moderate Mature business - average quality or mixed signals,49.3,56.7,54.8,100.0,100.0,66.8,71.7,9.86,11.34,8.22,15.0,15.0,6.68,3.59,False,
101,RCH.N0000,69.3,Moderate,"HOLD - Average quality, needs improvement or better price",Industrial,Moderate Industrial business - average quality or mixed signals,59.0,81.2,52.7,76.90944999999999,79.0,75.2,49.05,11.8,16.24,7.91,11.54,11.85,7.52,2.45,False,
102,SHAW.N0000,69.18,Moderate,"HOLD - Average quality, needs improvement or better price",Industrial,Moderate Industrial business - average quality or mixed signals,39.3,67.6,48.6,77.3372,95.5,100.0,91.75,7.86,13.52,7.29,11.6,14.32,10.0,4.59,False,
103,CARG.N0000,69.16,Moderate,"HOLD - Average quality, needs improvement or better price",Industrial,Moderate Industrial business - average quality or mixed signals,54.3,55.7,50.2,98.217,100.0,65.2,67.55,10.86,11.14,7.53,14.73,15.0,6.52,3.38,False,
104,CTHR.N0000,69.12,Moderate,"HOLD - Average quality, needs improvement or better price",Industrial,Moderate Industrial business - average quality or mixed signals,44.9,56.6,58.8,98.214,100.0,62.0,81.45,8.98,11.32,8.82,14.73,15.0,6.2,4.07,False,
105,SHOT.X0000,69.02,Moderate,"HOLD - Average quality, needs improvement or better price",Industrial,Moderate Industrial business - average quality or mixed signals,37.3,97.9,59.4,33.75,100.0,91.9,76.35,7.46,19.58,8.91,5.06,15.0,9.19,3.82,False,
106,SHOT.N0000,68.56,Moderate,"HOLD - Average quality, needs improvement or better price",Industrial,Moderate Industrial business - average quality or mixed signals,37.3,97.9,58.1,33.75,100.0,91.9,70.95,7.46,19.58,8.71,5.06,15.0,9.19,3.55,False,
107,RENU.N0000,68.52,Moderate,"HOLD - Average quality, needs improvement or better price",Industrial,Moderate Industrial business - average quality or mixed signals,64.8,91.2,50.6,66.3908,66.0,63.1,71.3,12.96,18.24,7.59,9.96,9.9,6.31,3.56,False,
108,ATL.N0000,68.42,Moderate,SPECULATIVE BUY - Average quality but deeply discounted,Financial,Moderate Financial business - average quality or mixed signals,51.6,73.2,89.3,34.0968,92.0,81.0,61.05,10.32,14.64,13.39,5.11,13.8,8.1,3.05,False,
109,CINS.X0000,67.87,Moderate,SPECULATIVE BUY - Average quality but deeply discounted,Financial,Moderate Financial business - average quality or mixed signals,70.0,76.1,85.0,24.399166666666677,73.5,65.3,93.65,14.0,15.22,12.75,3.66,11.03,6.53,4.68,False,
110,DIAL.N0000,67.47,Moderate,"HOLD - Average quality, needs improvement or better price",Industrial,Moderate Industrial business - average quality or mixed signals,46.8,54.8,77.3,65.5548,79.5,100.0,75.85,9.36,10.96,11.59,9.83,11.92,10.0,3.79,False,
111,VPEL.N0000,66.86,Moderate,"HOLD - Average quality, needs improvement or better price",Financial,Moderate Financial business - average quality or mixed signals,64.4,100.0,47.2,14.139966666666666,77.0,95.9,72.85,12.88,20.0,7.08,2.12,11.55,9.59,3.64,False,
112,HAYL.N0000,66.67,Moderate,"HOLD - Average quality, needs improvement or better price",Industrial,Moderate Industrial business - average quality or mixed signals,49.8,57.5,59.2,88.98283333333333,88.5,51.900000000000006,90.45,9.96,11.5,8.88,13.35,13.28,5.19,4.52,False,
113,AGAL.N0000,66.6,Moderate,"HOLD - Average quality, needs improvement or better price",Industrial,Moderate Industrial business - average quality or mixed signals,70.7,92.1,51.6,85.13640000000001,35.0,53.400000000000006,58.7,14.14,18.42,7.74,12.77,5.25,5.34,2.94,False,
114,RIL.N0000,66.58,Moderate,"HOLD - Average quality, needs improvement or better price",Industrial,Moderate Industrial business - average quality or mixed signals,5.9,71.1,63.7,100.0,100.0,74.3,83.9,1.18,14.22,9.55,15.0,15.0,7.43,4.2,False,
115,AAF.P0000,66.52,Moderate,SPECULATIVE BUY - Average quality but deeply discounted,Financial,Moderate Financial business - average quality or mixed signals,30.3,75.4,83.1,100.0,45.5,85.0,51.75,6.06,15.08,12.46,15.0,6.83,8.5,2.59,False,
116,LLUB.N0000,66.45,Moderate,"HOLD - Average quality, needs improvement or better price",Industrial,Moderate Industrial business - average quality or mixed signals,79.2,99.2,57.1,41.07586666666667,36.0,71.5,69.85,15.84,19.84,8.56,6.16,5.4,7.15,3.49,False,
117,TANG.N0000,65.66,Moderate,"HOLD - Average quality, needs improvement or better price",Industrial,Moderate Industrial business - average quality or mixed signals,23.2,100.0,52.1,31.9948,100.0,97.2,73.65,4.64,20.0,7.81,4.8,15.0,9.72,3.68,False,
118,JAT.N0000,65.53,Moderate,"HOLD - Average quality, needs improvement or better price",Industrial,Moderate Industrial business - average quality or mixed signals,70.0,92.1,44.5,84.8892,11.5,92.5,54.55,14.0,18.42,6.67,12.73,1.72,9.25,2.73,False,
119,HARI.N0000,65.31,Moderate,"HOLD - Average quality, needs improvement or better price",Industrial,Moderate Industrial business - average quality or mixed signals,39.6,97.5,34.0,82.59576666666666,71.0,64.4,66.2,7.92,19.5,5.1,12.39,10.65,6.44,3.31,False,
120,CINS.N0000,65.04,Moderate,SPECULATIVE BUY - Average quality but deeply discounted,Financial,Moderate Financial business - average quality or mixed signals,70.0,76.1,84.1,24.399166666666677,55.5,65.3,93.85,14.0,15.22,12.61,3.66,8.32,6.53,4.69,False,
121,CERA.N0000,64.92,Moderate,"HOLD - Average quality, needs improvement or better price",Industrial,Moderate Industrial business - average quality or mixed signals,53.6,83.5,73.7,59.492266666666666,63.0,47.5,66.35,10.72,16.7,11.05,8.92,9.45,4.75,3.32,False,
122,LHL.N0000,64.91,Moderate,"HOLD - Average quality, needs improvement or better price",Industrial,Moderate Industrial business - average quality or mixed signals,38.7,72.0,72.8,30.5976,100.0,93.4,58.35,7.74,14.4,10.92,4.59,15.0,9.34,2.92,False,
123,PMB.N0000,64.84,Moderate,SPECULATIVE BUY - Average quality but deeply discounted,Financial,Moderate Financial business - average quality or mixed signals,23.4,79.8,90.6,43.75,86.5,85.0,51.55,4.68,15.96,13.59,6.56,12.97,8.5,2.58,False,
124,SLTL.N0000,64.54,Moderate,"HOLD - Average quality, needs improvement or better price",Industrial,Moderate Industrial business - average quality or mixed signals,30.0,62.0,72.4,58.2276,95.5,78.9,86.55,6.0,12.4,10.86,8.73,14.32,7.89,4.33,False,
125,UML.N0000,64.11,Moderate,"HOLD - Average quality, needs improvement or better price",Industrial,Moderate Industrial business - average quality or mixed signals,38.7,83.0,49.0,46.25,100.0,58.8,91.95,7.74,16.6,7.35,6.94,15.0,5.88,4.6,False,
126,BFN.N0000,64.03,Moderate,"HOLD - Average quality, needs improvement or better price",Financial,Moderate Financial business - average quality or mixed signals,33.0,83.1,78.8,33.75,79.5,84.5,71.15,6.6,16.62,11.82,5.06,11.92,8.45,3.56,False,
127,MHDL.N0000,64.0,Moderate,"HOLD - Average quality, needs improvement or better price",Industrial,Moderate Industrial business - average quality or mixed signals,49.8,78.0,78.7,30.0,83.5,62.3,67.55,9.96,15.6,11.8,4.5,12.53,6.23,3.38,True,NON-COMPLIANT WITH CSE LISTING RULES
128,SIGV.N0000,63.66,Moderate,"HOLD - Average quality, needs improvement or better price",Industrial,Moderate Industrial business - average quality or mixed signals,17.7,86.3,55.5,46.25,100.0,94.9,62.15,3.54,17.26,8.32,6.94,15.0,9.49,3.11,False,
129,SMOT.N0000,63.43,Moderate,"HOLD - Average quality, needs improvement or better price",Industrial,Moderate Industrial business - average quality or mixed signals,26.0,71.9,65.5,48.75,100.0,67.1,100.0,5.2,14.38,9.82,7.31,15.0,6.71,5.0,False,
130,TKYO.N0000,63.31,Moderate,"HOLD - Average quality, needs improvement or better price",Industrial,Moderate Industrial business - average quality or mixed signals,51.3,75.5,56.2,62.38406666666667,75.0,58.8,60.7,10.26,15.1,8.43,9.36,11.25,5.88,3.04,False,
131,LCBF.N0000,63.2,Moderate,SPECULATIVE BUY - Average quality but deeply discounted,Financial,Moderate Financial business - average quality or mixed signals,50.0,88.0,82.2,40.0,37.5,85.0,62.95,10.0,17.6,12.33,6.0,5.62,8.5,3.15,False,
132,CALT.N0000,63.11,Moderate,"HOLD - Average quality, needs improvement or better price",Industrial,Moderate Industrial business - average quality or mixed signals,67.0,50.7,79.7,100.0,0.0,100.0,52.35,13.4,10.14,11.96,15.0,0.0,10.0,2.62,False,
133,HNBF.X0000,62.92,Moderate,SPECULATIVE BUY - Average quality but deeply discounted,Financial,Moderate Financial business - average quality or mixed signals,44.5,61.3,90.2,46.25,85.0,56.6,57.65,8.9,12.26,13.53,6.94,12.75,5.66,2.88,False,
134,LVEF.N0000,62.76,Moderate,"HOLD - Average quality, needs improvement or better price",Industrial,Moderate Industrial business - average quality or mixed signals,57.7,64.3,57.5,45.0512,65.0,94.7,75.1,11.54,12.86,8.62,6.76,9.75,9.47,3.75,False,
135,ONAL.N0000,62.68,Moderate,"HOLD - Average quality, needs improvement or better price",Industrial,Moderate Industrial business - average quality or mixed signals,70.0,70.4,48.5,38.27680000000001,57.5,100.0,59.15,14.0,14.08,7.27,5.74,8.62,10.0,2.96,False,
136,TYRE.N0000,62.61,Moderate,"HOLD - Average quality, needs improvement or better price",Industrial,Moderate Industrial business - average quality or mixed signals,43.0,84.0,54.7,100.0,65.5,13.6,56.35,8.6,16.8,8.21,15.0,9.82,1.36,2.82,False,
137,HNBF.N0000,62.46,Moderate,SPECULATIVE BUY - Average quality but deeply discounted,Financial,Moderate Financial business - average quality or mixed signals,44.5,61.3,90.4,46.25,76.0,56.6,74.8,8.9,12.26,13.56,6.94,11.4,5.66,3.74,False,
138,LVEN.N0000,61.58,Moderate,"HOLD - Average quality, needs improvement or better price",Industrial,Moderate Industrial business - average quality or mixed signals,59.2,71.0,55.7,30.120400000000004,61.0,100.0,70.4,11.84,14.2,8.36,4.52,9.15,10.0,3.52,False,
139,SCAP.N0000,61.5,Moderate,"HOLD - Average quality, needs improvement or better price",Financial,Moderate Financial business - average quality or mixed signals,33.8,64.0,58.5,42.2396,98.5,83.69999999999999,73.6,6.76,12.8,8.78,6.34,14.77,8.37,3.68,False,
140,HPFL.N0000,61.5,Moderate,"HOLD - Average quality, needs improvement or better price",Mature,Moderate Mature business - average quality or mixed signals,58.8,100.0,56.0,22.87673333333333,70.5,38.6,69.45,11.76,20.0,8.4,3.43,10.57,3.86,3.47,False,
141,SEMB.N0000,61.46,Moderate,SPECULATIVE BUY - Average quality but deeply discounted,Financial,Moderate Financial business - average quality or mixed signals,56.6,67.2,82.9,46.25,50.0,63.0,70.45,11.32,13.44,12.44,6.94,7.5,6.3,3.52,False,
142,BOGA.N0000,61.26,Moderate,"HOLD - Average quality, needs improvement or better price",Industrial,Moderate Industrial business - average quality or mixed signals,80.9,84.0,27.6,68.974,37.0,37.1,90.75,16.18,16.8,4.14,10.35,5.55,3.71,4.54,False,
143,SEMB.X0000,61.25,Moderate,SPECULATIVE BUY - Average quality but deeply discounted,Financial,Moderate Financial business - average quality or mixed signals,56.6,67.2,83.2,46.25,50.0,63.0,65.45,11.32,13.44,12.48,6.94,7.5,6.3,3.27,False,
144,HPL.N0000,61.2,Moderate,"HOLD - Average quality, needs improvement or better price",Industrial,Moderate Industrial business - average quality or mixed signals,64.7,92.4,59.8,35.9298,60.0,38.0,52.35,12.94,18.48,8.97,5.39,9.0,3.8,2.62,False,
145,SERV.N0000,61.11,Moderate,"HOLD - Average quality, needs improvement or better price",Industrial,Moderate Industrial business - average quality or mixed signals,35.2,69.0,65.6,32.3284,100.0,75.4,60.75,7.04,13.8,9.84,4.85,15.0,7.54,3.04,False,
146,TKYO.X0000,61.08,Moderate,"HOLD - Average quality, needs improvement or better price",Industrial,Moderate Industrial business - average quality or mixed signals,51.3,75.5,56.9,62.38406666666667,57.0,58.8,67.95,10.26,15.1,8.54,9.36,8.55,5.88,3.4,False,
147,ALUM.N0000,61.05,Moderate,"HOLD - Average quality, needs improvement or better price",Industrial,Moderate Industrial business - average quality or mixed signals,46.0,42.5,64.2,45.24600000000001,100.0,91.4,55.95,9.2,8.5,9.63,6.79,15.0,9.14,2.8,False,
148,VLL.X0000,60.86,Moderate,"HOLD - Average quality, needs improvement or better price",Mature,Moderate Mature business - average quality or mixed signals,57.9,91.6,53.3,56.52119999999999,23.0,89.8,41.05,11.58,18.32,7.99,8.48,3.45,8.98,2.05,False,
149,AHUN.N0000,60.33,Moderate,"HOLD - Average quality, needs improvement or better price",Industrial,Moderate Industrial business - average quality or mixed signals,26.9,50.6,79.3,24.561399999999992,100.0,95.7,93.55,5.38,10.12,11.89,3.68,15.0,9.57,4.68,False,
150,CHMX.N0000,60.23,Moderate,"HOLD - Average quality, needs improvement or better price",Industrial,Moderate Industrial business - average quality or mixed signals,64.2,97.9,41.8,43.26523333333333,40.0,52.3,76.45,12.84,19.58,6.27,6.49,6.0,5.23,3.82,False,
151,FCT.N0000,59.89,Moderate,"HOLD - Average quality, needs improvement or better price",Industrial,Moderate Industrial business - average quality or mixed signals,61.6,48.0,68.8,100.0,0.0,100.0,53.05,12.32,9.6,10.32,15.0,0.0,10.0,2.65,False,
152,JETS.N0000,59.7,Moderate,"HOLD - Average quality, needs improvement or better price",Industrial,Moderate Industrial business - average quality or mixed signals,30.0,48.9,75.8,32.4436,95.0,94.9,78.95,6.0,9.78,11.37,4.87,14.25,9.49,3.95,False,
153,MASK.N0000,59.59,Moderate,"HOLD - Average quality, needs improvement or better price",Industrial,Moderate Industrial business - average quality or mixed signals,50.8,85.1,62.5,47.1708,44.5,49.50000000000001,86.65,10.16,17.02,9.38,7.08,6.67,4.95,4.33,False,
154,AMSL.N0000,59.5,Moderate,"HOLD - Average quality, needs improvement or better price",Industrial,Moderate Industrial business - average quality or mixed signals,48.2,77.4,54.6,39.03533333333333,67.5,68.5,67.1,9.64,15.48,8.19,5.86,10.12,6.85,3.35,False,
155,RHL.N0000,58.79,Moderate,"HOLD - Average quality, needs improvement or better price",Industrial,Moderate Industrial business - average quality or mixed signals,20.0,75.1,58.7,42.31280000000001,100.0,64.4,63.55,4.0,15.02,8.8,6.35,15.0,6.44,3.18,False,
156,PHAR.N0000,58.73,Moderate,"HOLD - Average quality, needs improvement or better price",Industrial,Moderate Industrial business - average quality or mixed signals,30.0,86.5,64.0,25.0,100.0,30.0,81.65,6.0,17.3,9.6,3.75,15.0,3.0,4.08,False,
157,BFL.N0000,58.61,Moderate,"HOLD - Average quality, needs improvement or better price",Industrial,Moderate Industrial business - average quality or mixed signals,22.4,79.8,59.6,36.107200000000006,92.0,65.80000000000001,68.75,4.48,15.96,8.94,5.42,13.8,6.58,3.44,False,
158,BOPL.N0000,58.56,Moderate,"HOLD - Average quality, needs improvement or better price",Industrial,Moderate Industrial business - average quality or mixed signals,44.6,78.2,57.9,58.588,51.5,53.400000000000006,69.25,8.92,15.64,8.68,8.79,7.72,5.34,3.46,False,
159,TRAN.N0000,58.46,Moderate,"HOLD - Average quality, needs improvement or better price",Industrial,Moderate Industrial business - average quality or mixed signals,19.7,69.6,50.6,93.0256,50.0,77.5,76.1,3.94,13.92,7.59,13.95,7.5,7.75,3.8,False,
160,WLTH.N0000,58.36,Moderate,"HOLD - Average quality, needs improvement or better price",Industrial,Moderate Industrial business - average quality or mixed signals,70.0,42.1,56.5,100.0,0.0,100.0,49.25,14.0,8.42,8.47,15.0,0.0,10.0,2.46,False,
161,MARA.N0000,58.32,Moderate,"HOLD - Average quality, needs improvement or better price",Industrial,Moderate Industrial business - average quality or mixed signals,36.3,66.3,45.5,31.181600000000003,100.0,86.1,53.85,7.26,13.26,6.83,4.68,15.0,8.61,2.69,False,
162,RHL.X0000,58.21,Moderate,"HOLD - Average quality, needs improvement or better price",Industrial,Moderate Industrial business - average quality or mixed signals,20.0,75.1,59.1,42.31280000000001,100.0,64.4,50.85,4.0,15.02,8.87,6.35,15.0,6.44,2.54,False,
163,CONN.N0000,57.83,Moderate,"HOLD - Average quality, needs improvement or better price",Industrial,Moderate Industrial business - average quality or mixed signals,18.4,53.7,76.5,36.25,98.0,90.8,54.45,3.68,10.74,11.47,5.44,14.7,9.08,2.72,False,
164,HAYC.N0000,57.57,Moderate,"HOLD - Average quality, needs improvement or better price",Industrial,Moderate Industrial business - average quality or mixed signals,58.5,88.4,60.1,34.634,38.5,47.50000000000001,69.05,11.7,17.68,9.02,5.2,5.77,4.75,3.45,False,
165,CALH.N0000,57.28,Moderate,"HOLD - Average quality, needs improvement or better price",Industrial,Moderate Industrial business - average quality or mixed signals,49.6,52.0,59.0,100.0,0.0,100.0,62.25,9.92,10.4,8.85,15.0,0.0,10.0,3.11,False,
166,STAF.N0000,57.17,Moderate,"HOLD - Average quality, needs improvement or better price",Industrial,Moderate Industrial business - average quality or mixed signals,28.8,100.0,58.2,33.75,50.0,73.7,54.95,5.76,20.0,8.73,5.06,7.5,7.37,2.75,False,
167,TJL.N0000,57.1,Moderate,SPECULATIVE BUY - Average quality but deeply discounted,Industrial,Moderate Industrial business - average quality or mixed signals,42.1,91.9,85.4,27.57773333333333,56.5,6.600000000000001,84.45,8.42,18.38,12.81,4.14,8.47,0.66,4.22,False,
168,CALF.N0000,56.48,Moderate,"HOLD - Average quality, needs improvement or better price",Financial,Moderate Financial business - average quality or mixed signals,6.8,75.2,38.0,43.75,100.0,85.0,86.45,1.36,15.04,5.7,6.56,15.0,8.5,4.32,False,
169,CBNK.N0000,56.3,Moderate,SPECULATIVE BUY - Average quality but deeply discounted,Financial,Moderate Financial business - average quality or mixed signals,42.2,62.6,87.0,46.25,44.0,63.0,49.15,8.44,12.52,13.05,6.94,6.6,6.3,2.46,False,
170,LOLC.N0000,56.22,Moderate,SPECULATIVE BUY - Average quality but deeply discounted,Financial,Moderate Financial business - average quality or mixed signals,34.6,92.2,90.3,25.0,22.5,69.2,65.35,6.92,18.44,13.54,3.75,3.38,6.92,3.27,False,
171,AINS.N0000,56.1,Moderate,"HOLD - Average quality, needs improvement or better price",Financial,Moderate Financial business - average quality or mixed signals,37.4,81.0,65.3,35.4844,64.0,37.6,78.85,7.48,16.2,9.79,5.32,9.6,3.76,3.94,False,
172,HSIG.N0000,55.65,Moderate,"HOLD - Average quality, needs improvement or better price",Industrial,Moderate Industrial business - average quality or mixed signals,18.5,100.0,42.5,33.75,50.0,91.9,76.45,3.7,20.0,6.38,5.06,7.5,9.19,3.82,False,
173,RICH.N0000,55.03,Moderate,"HOLD - Average quality, needs improvement or better price",Industrial,Moderate Industrial business - average quality or mixed signals,60.5,64.1,46.0,61.01465,37.0,46.9,76.45,12.1,12.82,6.9,9.15,5.55,4.69,3.82,False,
174,SPEN.N0000,54.94,Weak,SELL/AVOID - Below-average quality,Industrial,Weak Industrial business - below-average quality with significant issues,45.1,63.0,63.3,6.855600000000003,73.0,69.80000000000001,97.35,9.02,12.6,9.49,1.03,10.95,6.98,4.87,False,
175,CLND.N0000,54.39,Weak,SELL/AVOID - Below-average quality,Industrial,Weak Industrial business - below-average quality with significant issues,50.0,60.2,40.5,42.5684,50.0,93.2,61.45,10.0,12.04,6.08,6.39,7.5,9.32,3.07,False,
176,CFLB.N0000,54.33,Weak,SELL/AVOID - Below-average quality,Industrial,Weak Industrial business - below-average quality with significant issues,31.6,44.6,63.5,23.006200000000007,100.0,73.80000000000001,74.75,6.32,8.92,9.53,3.45,15.0,7.38,3.74,False,
177,UBC.N0000,54.2,Weak,SELL/AVOID - Below-average quality,Financial,Weak Financial business - below-average quality with significant issues,10.7,61.1,81.4,100.0,40.0,38.4,55.85,2.14,12.22,12.21,15.0,6.0,3.84,2.79,False,
178,TPL.N0000,54.18,Weak,SELL/AVOID - Below-average quality,Industrial,Weak Industrial business - below-average quality with significant issues,51.1,100.0,60.6,18.9581,25.0,51.400000000000006,62.75,10.22,20.0,9.09,2.84,3.75,5.14,3.14,False,
179,TAFL.N0000,54.0,Weak,SELL/AVOID - Below-average quality,Industrial,Weak Industrial business - below-average quality with significant issues,78.8,75.2,69.8,0.0,31.5,33.50000000000001,93.15,15.76,15.04,10.47,0.0,4.72,3.35,4.66,False,
180,BALA.N0000,53.88,Weak,SELL/AVOID - Below-average quality,Industrial,Weak Industrial business - below-average quality with significant issues,61.4,75.3,66.5,37.7856,53.0,6.600000000000001,45.75,12.28,15.06,9.97,5.67,7.95,0.66,2.29,False,
181,LIOC.N0000,53.86,Weak,SELL/AVOID - Below-average quality,Industrial,Weak Industrial business - below-average quality with significant issues,59.9,99.3,61.5,11.989199999999997,30.0,15.1,99.65,11.98,19.86,9.22,1.8,4.5,1.51,4.98,False,
182,CWM.N0000,53.74,Weak,SELL/AVOID - Below-average quality,Industrial,Weak Industrial business - below-average quality with significant issues,45.9,64.9,55.8,28.807999999999996,87.0,20.5,75.75,9.18,12.98,8.37,4.32,13.05,2.05,3.79,False,
183,MBSL.N0000,53.69,Weak,SELL/AVOID - Below-average quality,Financial,Weak Financial business - below-average quality with significant issues,28.6,55.4,59.6,46.25,95.0,38.4,58.35,5.72,11.08,8.94,6.94,14.25,3.84,2.92,False,
184,NHL.N0000,53.6,Weak,AVOID - Weak profitability and financial strength,Industrial,Weak Industrial business - below-average quality with significant issues,10.3,43.2,50.3,57.1292,100.0,81.7,72.35,2.06,8.64,7.54,8.57,15.0,8.17,3.62,False,
185,KGAL.N0000,53.08,Weak,SELL/AVOID - Below-average quality,Industrial,Weak Industrial business - below-average quality with significant issues,42.3,74.5,85.8,31.5636,43.5,31.500000000000007,48.85,8.46,14.9,12.87,4.73,6.52,3.15,2.44,False,
186,MFPE.N0000,52.82,Weak,SELL/AVOID - Below-average quality,Industrial,Weak Industrial business - below-average quality with significant issues,50.4,64.5,45.2,100.0,0.0,56.900000000000006,47.35,10.08,12.9,6.78,15.0,0.0,5.69,2.37,False,
187,CIC.N0000,52.73,Weak,SELL/AVOID - Below-average quality,Industrial,Weak Industrial business - below-average quality with significant issues,50.2,71.6,58.4,27.42306666666667,43.0,53.8,73.25,10.04,14.32,8.76,4.11,6.45,5.38,3.66,False,
188,CIC.X0000,52.59,Weak,SELL/AVOID - Below-average quality,Industrial,Weak Industrial business - below-average quality with significant issues,50.2,71.6,59.0,27.42306666666667,43.0,53.8,68.75,10.04,14.32,8.85,4.11,6.45,5.38,3.44,False,
189,EAST.N0000,52.43,Weak,SELL/AVOID - Below-average quality,Industrial,Weak Industrial business - below-average quality with significant issues,58.5,75.2,27.6,22.3314,40.0,84.5,74.95,11.7,15.04,4.14,3.35,6.0,8.45,3.75,False,
190,PAP.N0000,52.13,Weak,SELL/AVOID - Below-average quality,Mature,Weak Mature business - below-average quality with significant issues,15.8,50.6,42.9,30.302,94.5,96.9,80.0,3.16,10.12,6.43,4.55,14.17,9.69,4.0,False,
191,RHTL.N0000,51.78,Weak,SELL/AVOID - Below-average quality,Industrial,Weak Industrial business - below-average quality with significant issues,12.9,100.0,48.3,8.994,73.0,69.80000000000001,53.45,2.58,20.0,7.24,1.35,10.95,6.98,2.67,False,
192,BERU.N0000,51.76,Weak,SELL/AVOID - Below-average quality,Industrial,Weak Industrial business - below-average quality with significant issues,17.4,50.0,40.1,32.5,100.0,89.3,69.25,3.48,10.0,6.01,4.88,15.0,8.93,3.46,False,
193,KOTA.N0000,51.75,Weak,AVOID - Weak profitability and financial strength,Industrial,Weak Industrial business - below-average quality with significant issues,14.5,48.0,71.5,36.890600000000006,100.0,50.400000000000006,58.95,2.9,9.6,10.72,5.53,15.0,5.04,2.95,False,
194,TSML.N0000,51.67,Weak,SELL/AVOID - Below-average quality,Industrial,Weak Industrial business - below-average quality with significant issues,28.0,95.3,77.6,27.355433333333337,40.0,19.0,67.35,5.6,19.06,11.64,4.1,6.0,1.9,3.37,False,
195,YORK.N0000,51.44,Weak,SELL/AVOID - Below-average quality,Industrial,Weak Industrial business - below-average quality with significant issues,5.0,89.2,41.6,100.0,40.0,13.6,80.0,1.0,17.84,6.24,15.0,6.0,1.36,4.0,False,
196,COOP.N0000,51.38,Weak,SELL/AVOID - Below-average quality,Financial,Weak Financial business - below-average quality with significant issues,48.3,71.1,77.2,66.0324,0.0,29.4,61.6,9.66,14.22,11.58,9.9,0.0,2.94,3.08,False,
197,SING.N0000,50.82,Weak,SELL/AVOID - Below-average quality,Industrial,Weak Industrial business - below-average quality with significant issues,39.5,51.5,51.4,100.0,34.5,24.0,46.65,7.9,10.3,7.71,15.0,5.17,2.4,2.33,True,NON-COMPLIANT WITH CSE LISTING RULES
198,COCO.N0000,50.79,Weak,SELL/AVOID - Below-average quality,Industrial,Weak Industrial business - below-average quality with significant issues,5.0,59.6,46.4,44.4416,100.0,42.400000000000006,100.0,1.0,11.92,6.96,6.67,15.0,4.24,5.0,False,
199,PINS.N0000,50.72,Weak,SELL/AVOID - Below-average quality,Financial,Weak Financial business - below-average quality with significant issues,66.7,74.8,81.2,19.864666666666665,0.0,37.1,71.1,13.34,14.96,12.18,2.98,0.0,3.71,3.55,False,
200,CRL.N0000,50.37,Weak,SELL/AVOID - Below-average quality,Financial,Weak Financial business - below-average quality with significant issues,40.2,75.2,47.2,25.0,33.0,85.0,60.150000000000006,8.04,15.04,7.08,3.75,4.95,8.5,3.01,False,
201,CTEA.N0000,50.35,Weak,SELL/AVOID - Below-average quality,Industrial,Weak Industrial business - below-average quality with significant issues,31.1,97.0,38.6,19.91593333333333,40.0,49.5,100.0,6.22,19.4,5.79,2.99,6.0,4.95,5.0,False,
202,CABO.N0000,50.16,Weak,SELL/AVOID - Below-average quality,Industrial,Weak Industrial business - below-average quality with significant issues,18.8,75.2,46.4,25.0,93.5,30.0,72.45,3.76,15.04,6.96,3.75,14.03,3.0,3.62,False,
203,HOPL.N0000,50.08,Weak,SELL/AVOID - Below-average quality,Industrial,Weak Industrial business - below-average quality with significant issues,32.2,39.6,69.0,36.1844,76.5,51.900000000000006,65.45,6.44,7.92,10.35,5.43,11.47,5.19,3.27,False,
204,RCL.N0000,49.98,Weak,SELL/AVOID - Below-average quality,Industrial,Weak Industrial business - below-average quality with significant issues,63.6,72.3,48.8,17.169800000000002,27.0,52.3,72.45,12.72,14.46,7.32,2.58,4.05,5.23,3.62,False,
205,PACK.N0000,49.72,Weak,SELL/AVOID - Below-average quality,Industrial,Weak Industrial business - below-average quality with significant issues,42.6,56.5,52.6,100.0,0.0,45.10000000000001,50.05,8.52,11.3,7.89,15.0,0.0,4.51,2.5,False,
206,COCO.X0000,49.72,Weak,SELL/AVOID - Below-average quality,Industrial,Weak Industrial business - below-average quality with significant issues,5.0,59.6,45.5,44.4416,100.0,42.400000000000006,81.35,1.0,11.92,6.83,6.67,15.0,4.24,4.07,False,
207,LPRT.N0000,49.67,Weak,SELL/AVOID - Below-average quality,Industrial,Weak Industrial business - below-average quality with significant issues,65.5,99.8,28.4,0.7918666666666638,34.0,24.000000000000007,94.7,13.1,19.96,4.26,0.12,5.1,2.4,4.74,False,
208,RAL.N0000,49.64,Weak,SELL/AVOID - Below-average quality,Industrial,Weak Industrial business - below-average quality with significant issues,10.0,64.6,43.3,46.25,100.0,19.0,87.85,2.0,12.92,6.49,6.94,15.0,1.9,4.39,False,
209,WIND.N0000,49.63,Weak,SELL/AVOID - Below-average quality,Industrial,Weak Industrial business - below-average quality with significant issues,28.9,87.1,42.3,31.6676,17.0,94.7,66.25,5.78,17.42,6.34,4.75,2.55,9.47,3.31,False,
210,CHOT.N0000,49.51,Weak,SELL/AVOID - Below-average quality,Industrial,Weak Industrial business - below-average quality with significant issues,10.5,72.7,45.6,43.75,50.0,94.5,50.25,2.1,14.54,6.84,6.56,7.5,9.45,2.51,False,
211,AGPL.N0000,49.38,Weak,SELL/AVOID - Below-average quality,Industrial,Weak Industrial business - below-average quality with significant issues,29.6,81.2,46.7,100.0,0.0,19.0,66.35,5.92,16.24,7.0,15.0,0.0,1.9,3.32,False,
212,KFP.N0000,49.16,Weak,SELL/AVOID - Below-average quality,Industrial,Weak Industrial business - below-average quality with significant issues,18.3,73.9,45.8,39.5058,71.5,46.3,51.35,3.66,14.78,6.87,5.93,10.72,4.63,2.57,False,
213,MSL.N0000,49.02,Weak,SELL/AVOID - Below-average quality,Industrial,Weak Industrial business - below-average quality with significant issues,30.0,100.0,33.6,25.0,41.5,30.0,100.0,6.0,20.0,5.04,3.75,6.22,3.0,5.0,False,
214,KVAL.N0000,49.0,Weak,SELL/AVOID - Below-average quality,Industrial,Weak Industrial business - below-average quality with significant issues,58.2,95.8,77.8,0.0,19.0,6.600000000000001,60.35,11.64,19.16,11.67,0.0,2.85,0.66,3.02,False,
215,HPWR.N0000,48.76,Weak,SELL/AVOID - Below-average quality,Mature,Weak Mature business - below-average quality with significant issues,55.8,50.8,47.7,24.98920000000001,30.5,90.8,57.65,11.16,10.16,7.16,3.75,4.58,9.08,2.88,False,
216,LPL.X0000,48.7,Weak,SELL/AVOID - Below-average quality,Industrial,Weak Industrial business - below-average quality with significant issues,23.0,71.1,49.5,29.25,50.0,80.8,49.85,4.6,14.22,7.42,4.39,7.5,8.08,2.49,False,
217,DIPD.N0000,48.7,Weak,SELL/AVOID - Below-average quality,Industrial,Weak Industrial business - below-average quality with significant issues,35.8,90.1,52.8,19.73013333333333,28.5,49.900000000000006,67.6,7.16,18.02,7.92,2.96,4.27,4.99,3.38,False,
218,PLR.N0000,48.54,Weak,SELL/AVOID - Below-average quality,Industrial,Weak Industrial business - below-average quality with significant issues,71.5,86.4,42.7,24.28633333333333,0.0,37.4,63.400000000000006,14.3,17.28,6.41,3.64,0.0,3.74,3.17,False,
219,MEL.N0000,48.51,Weak,SELL/AVOID - Below-average quality,Industrial,Weak Industrial business - below-average quality with significant issues,28.8,89.2,44.5,0.0,50.0,75.1,64.55,5.76,17.84,6.67,0.0,7.5,7.51,3.23,False,
220,LPL.N0000,48.5,Weak,SELL/AVOID - Below-average quality,Industrial,Weak Industrial business - below-average quality with significant issues,23.0,71.1,49.5,29.25,50.0,80.8,45.85,4.6,14.22,7.42,4.39,7.5,8.08,2.29,False,
221,CTBL.N0000,47.91,Weak,SELL/AVOID - Below-average quality,Industrial,Weak Industrial business - below-average quality with significant issues,41.4,34.2,71.8,0.0,71.0,77.6,72.2,8.28,6.84,10.77,0.0,10.65,7.76,3.61,False,
222,KHC.N0000,47.69,Weak,SELL/AVOID - Below-average quality,Industrial,Weak Industrial business - below-average quality with significant issues,12.3,67.1,41.6,33.75,50.0,93.4,73.35,2.46,13.42,6.24,5.06,7.5,9.34,3.67,False,
223,ACAP.N0000,47.59,Weak,SELL/AVOID - Below-average quality,Industrial,Weak Industrial business - below-average quality with significant issues,32.0,37.6,80.1,51.7556,0.0,100.0,77.8,6.4,7.52,12.01,7.76,0.0,10.0,3.89,True,NON-COMPLIANT WITH CSE LISTING RULES
224,AGST.N0000,47.29,Weak,SELL/AVOID - Below-average quality,Industrial,Weak Industrial business - below-average quality with significant issues,44.2,68.3,47.0,46.25,32.0,30.9,58.2,8.84,13.66,7.05,6.94,4.8,3.09,2.91,False,
225,TILE.N0000,47.2,Weak,SELL/AVOID - Below-average quality,Industrial,Weak Industrial business - below-average quality with significant issues,72.0,92.1,46.8,0.0,9.5,32.4,53.95,14.4,18.42,7.02,0.0,1.43,3.24,2.7,False,
226,CWL.N0000,46.83,Weak,SELL/AVOID - Below-average quality,Industrial,Weak Industrial business - below-average quality with significant issues,35.3,79.2,63.8,32.52600000000001,0.0,64.0,61.55,7.06,15.84,9.57,4.88,0.0,6.4,3.08,False,
227,SLND.N0000,46.68,Weak,SELL/AVOID - Below-average quality,Industrial,Weak Industrial business - below-average quality with significant issues,38.6,89.2,42.9,0.0,16.5,96.2,51.7,7.72,17.84,6.43,0.0,2.48,9.62,2.59,False,
228,HDFC.N0000,46.21,Weak,SELL/AVOID - Below-average quality,Financial,Weak Financial business - below-average quality with significant issues,29.6,66.1,81.5,62.65285714285714,1.0,18.5,68.85,5.92,13.22,12.22,9.4,0.15,1.85,3.44,False,
229,AUTO.N0000,46.19,Weak,SELL/AVOID - Below-average quality,Industrial,Weak Industrial business - below-average quality with significant issues,10.0,98.0,50.0,25.0,40.0,30.0,86.85,2.0,19.6,7.5,3.75,6.0,3.0,4.34,False,
230,MULL.N0000,46.09,Weak,SELL/AVOID - Below-average quality,Industrial,Weak Industrial business - below-average quality with significant issues,27.3,86.4,62.4,20.0,32.0,30.0,63.9,5.46,17.28,9.36,3.0,4.8,3.0,3.2,False,
231,ATLL.N0000,45.99,Weak,SELL/AVOID - Below-average quality,Financial,Weak Financial business - below-average quality with significant issues,0.0,62.1,74.9,42.634000000000015,40.0,64.0,70.85,0.0,12.42,11.24,6.4,6.0,6.4,3.54,False,
232,EXT.N0000,45.58,Weak,SELL/AVOID - Below-average quality,Industrial,Weak Industrial business - below-average quality with significant issues,46.7,97.9,38.7,25.0,0.0,30.0,82.0,9.34,19.58,5.81,3.75,0.0,3.0,4.1,False,
233,UBF.N0000,45.41,Weak,SELL/AVOID - Below-average quality,Financial,Weak Financial business - below-average quality with significant issues,9.5,82.5,44.4,100.0,0.0,29.0,49.0,1.9,16.5,6.66,15.0,0.0,2.9,2.45,False,
234,JFP.N0000,44.94,Weak,SELL/AVOID - Below-average quality,Industrial,Weak Industrial business - below-average quality with significant issues,16.4,53.5,54.8,100.0,0.0,59.3,36.25,3.28,10.7,8.22,15.0,0.0,5.93,1.81,False,
235,CITH.N0000,44.3,Weak,AVOID - Weak profitability and financial strength,Industrial,Weak Industrial business - below-average quality with significant issues,25.4,42.6,48.6,30.61160000000001,50.0,84.1,58.1,5.08,8.52,7.29,4.59,7.5,8.41,2.91,False,
236,LDEV.N0000,44.1,Weak,SELL/AVOID - Below-average quality,Industrial,Weak Industrial business - below-average quality with significant issues,37.9,83.5,45.9,14.252400000000002,22.0,25.0,100.0,7.58,16.7,6.88,2.14,3.3,2.5,5.0,False,
237,BPPL.N0000,43.74,Weak,SELL/AVOID - Below-average quality,Industrial,Weak Industrial business - below-average quality with significant issues,37.7,65.3,53.4,39.2092,17.0,34.400000000000006,65.1,7.54,13.06,8.01,5.88,2.55,3.44,3.25,False,
238,TESS.X0000,43.68,Weak,SELL/AVOID - Below-average quality,Industrial,Weak Industrial business - below-average quality with significant issues,0.0,59.2,45.1,25.0,100.0,30.0,66.55,0.0,11.84,6.76,3.75,15.0,3.0,3.33,False,
239,TESS.N0000,43.66,Weak,SELL/AVOID - Below-average quality,Industrial,Weak Industrial business - below-average quality with significant issues,0.0,59.2,45.0,25.0,100.0,30.0,66.3,0.0,11.84,6.75,3.75,15.0,3.0,3.31,False,
240,KHL.N0000,43.61,Weak,AVOID - Weak profitability and financial strength,Industrial,Weak Industrial business - below-average quality with significant issues,12.8,42.3,65.8,22.923,50.0,84.1,67.45,2.56,8.46,9.87,3.44,7.5,8.41,3.37,False,
241,LGIL.N0000,43.43,Weak,SELL/AVOID - Below-average quality,Financial,Weak Financial business - below-average quality with significant issues,36.4,74.8,79.1,13.2115,0.0,51.6,43.6,7.28,14.96,11.86,1.98,0.0,5.16,2.18,False,
242,SDB.N0000,43.42,Weak,SELL/AVOID - Below-average quality,Financial,Weak Financial business - below-average quality with significant issues,20.0,59.3,75.9,45.686,40.0,6.600000000000001,53.3,4.0,11.86,11.38,6.85,6.0,0.66,2.67,False,
243,PEG.N0000,42.88,Weak,SELL/AVOID - Below-average quality,Industrial,Weak Industrial business - below-average quality with significant issues,10.0,88.5,50.0,9.57,50.0,30.0,74.85,2.0,17.7,7.5,1.44,7.5,3.0,3.74,False,
244,ASPH.N0000,42.57,Weak,SELL/AVOID - Below-average quality,Industrial,Weak Industrial business - below-average quality with significant issues,37.9,94.4,42.6,25.0,0.0,30.0,59.35,7.58,18.88,6.39,3.75,0.0,3.0,2.97,False,
245,HUNT.N0000,42.55,Weak,SELL/AVOID - Below-average quality,Industrial,Weak Industrial business - below-average quality with significant issues,10.0,85.8,47.0,25.0,40.0,30.0,71.85,2.0,17.16,7.05,3.75,6.0,3.0,3.59,False,
246,EMER.N0000,42.5,Weak,SELL/AVOID - Below-average quality,Industrial,Weak Industrial business - below-average quality with significant issues,21.1,88.2,47.0,25.0,35.5,11.0,68.3,4.22,17.64,7.05,3.75,5.33,1.1,3.42,False,
247,AGST.X0000,41.97,Weak,SELL/AVOID - Below-average quality,Industrial,Weak Industrial business - below-average quality with significant issues,44.2,68.3,47.0,46.25,0.0,30.9,47.75,8.84,13.66,7.05,6.94,0.0,3.09,2.39,False,
248,LWL.N0000,41.83,Weak,SELL/AVOID - Below-average quality,Industrial,Weak Industrial business - below-average quality with significant issues,51.2,60.1,50.6,15.546000000000006,12.5,50.8,53.95,10.24,12.02,7.59,2.33,1.88,5.08,2.7,False,
249,ASCO.N0000,41.4,Weak,SELL/AVOID - Below-average quality,Industrial,Weak Industrial business - below-average quality with significant issues,51.1,44.7,47.0,0.0,44.0,47.5,76.7,10.22,8.94,7.05,0.0,6.6,4.75,3.84,False,
250,HUNA.N0000,41.23,Weak,SELL/AVOID - Below-average quality,Industrial,Weak Industrial business - below-average quality with significant issues,10.0,61.8,42.3,7.225999999999999,93.0,30.0,49.75,2.0,12.36,6.34,1.08,13.95,3.0,2.49,False,
251,REXP.N0000,41.18,Weak,SELL/AVOID - Below-average quality,Industrial,Weak Industrial business - below-average quality with significant issues,50.6,74.1,50.0,20.0,0.0,25.5,63.85,10.12,14.82,7.5,3.0,0.0,2.55,3.19,False,
252,LUMX.N0000,41.15,Weak,SELL/AVOID - Below-average quality,Mature,Weak Mature business - below-average quality with significant issues,37.1,86.3,50.0,20.0,0.0,30.0,59.35,7.42,17.26,7.5,3.0,0.0,3.0,2.97,False,
253,CSF.N0000,41.14,Weak,AVOID - Weak profitability and financial strength,Industrial,Weak Industrial business - below-average quality with significant issues,22.0,37.2,50.0,100.0,0.0,53.0,30.0,4.4,7.44,7.5,15.0,0.0,5.3,1.5,True,NON-COMPLIANT WITH CSE LISTING RULES
254,BIL.N0000,41.1,Weak,SELL/AVOID - Below-average quality,Industrial,Weak Industrial business - below-average quality with significant issues,22.8,63.1,53.6,25.0,40.0,30.0,62.6,4.56,12.62,8.04,3.75,6.0,3.0,3.13,False,
255,MDL.N0000,41.0,Weak,SELL/AVOID - Below-average quality,Industrial,Weak Industrial business - below-average quality with significant issues,36.5,81.7,50.0,20.0,0.0,30.0,77.2,7.3,16.34,7.5,3.0,0.0,3.0,3.86,False,
256,AHPL.N0000,40.76,Weak,SELL/AVOID - Below-average quality,Industrial,Weak Industrial business - below-average quality with significant issues,15.2,63.1,36.0,10.230800000000002,50.0,62.0,89.35,3.04,12.62,5.4,1.53,7.5,6.2,4.47,False,
257,EDEN.N0000,40.57,Weak,AVOID - Weak profitability and financial strength,Industrial,Weak Industrial business - below-average quality with significant issues,17.9,40.5,48.6,20.0,50.0,84.1,53.85,3.58,8.1,7.29,3.0,7.5,8.41,2.69,False,
258,DIMO.N0000,40.26,Weak,AVOID - Weak profitability and financial strength,Industrial,Weak Industrial business - below-average quality with significant issues,22.9,34.4,48.6,46.25,40.0,54.3,62.75,4.58,6.88,7.29,6.94,6.0,5.43,3.14,False,
259,SHL.N0000,40.12,Weak,AVOID - Weak profitability and financial strength,Industrial,Weak Industrial business - below-average quality with significant issues,19.4,27.8,70.9,75.0158,0.0,67.9,40.0,3.88,5.56,10.63,11.25,0.0,6.79,2.0,True,NON-COMPLIANT WITH CSE LISTING RULES
260,HEXP.N0000,39.71,Poor,STRONG SELL/AVOID - Poor quality across multiple dimensions,Industrial,"Poor Industrial business - avoid, multiple red flags across dimensions",35.4,59.7,40.5,24.305800000000005,37.5,19.0,68.85,7.08,11.94,6.08,3.65,5.62,1.9,3.44,False,
261,LCEY.N0000,39.61,Poor,STRONG SELL/AVOID - Poor quality across multiple dimensions,Industrial,"Poor Industrial business - avoid, multiple red flags across dimensions",23.5,38.9,51.7,26.3224,40.0,60.3,67.85,4.7,7.78,7.75,3.95,6.0,6.03,3.39,False,
262,JKH.N0000,39.54,Poor,STRONG SELL/AVOID - Poor quality across multiple dimensions,Industrial,"Poor Industrial business - avoid, multiple red flags across dimensions",7.6,54.5,36.0,37.44466666666668,50.0,49.900000000000006,72.35,1.52,10.9,5.4,5.62,7.5,4.99,3.62,False,
263,PALM.N0000,39.26,Poor,STRONG SELL/AVOID - Poor quality across multiple dimensions,Industrial,"Poor Industrial business - avoid, multiple red flags across dimensions",17.3,41.1,36.0,20.0,50.0,84.1,65.45,3.46,8.22,5.4,3.0,7.5,8.41,3.27,False,
264,CARE.N0000,39.1,Poor,STRONG SELL/AVOID - Poor quality across multiple dimensions,Industrial,"Poor Industrial business - avoid, multiple red flags across dimensions",43.6,62.7,47.0,14.429200000000002,19.0,30.0,55.45,8.72,12.54,7.05,2.16,2.85,3.0,2.77,False,
265,SWAD.N0000,38.66,Poor,STRONG SELL/AVOID - Poor quality across multiple dimensions,Industrial,"Poor Industrial business - avoid, multiple red flags across dimensions",29.1,77.9,50.0,25.0,0.0,30.0,60.1,5.82,15.58,7.5,3.75,0.0,3.0,3.01,False,
266,CTLD.N0000,38.57,Poor,STRONG SELL/AVOID - Poor quality across multiple dimensions,Industrial,"Poor Industrial business - avoid, multiple red flags across dimensions",10.0,84.0,48.7,6.134599999999999,40.0,29.6,51.6,2.0,16.8,7.3,0.92,6.0,2.96,2.58,False,
267,BBH.N0000,38.06,Poor,STRONG SELL/AVOID - Poor quality across multiple dimensions,Industrial,"Poor Industrial business - avoid, multiple red flags across dimensions",11.0,35.3,63.9,33.432,17.0,89.1,54.85,2.2,7.06,9.58,5.01,2.55,8.91,2.74,True,NON-COMPLIANT WITH CSE LISTING RULES
268,GHLL.N0000,37.78,Poor,STRONG SELL/AVOID - Poor quality across multiple dimensions,Industrial,"Poor Industrial business - avoid, multiple red flags across dimensions",10.0,62.5,50.0,25.0,40.0,24.6,71.45,2.0,12.5,7.5,3.75,6.0,2.46,3.57,False,
269,EML.N0000,37.52,Poor,STRONG SELL/AVOID - Poor quality across multiple dimensions,Industrial,"Poor Industrial business - avoid, multiple red flags across dimensions",0.0,47.8,50.0,100.0,0.0,26.0,57.2,0.0,9.56,7.5,15.0,0.0,2.6,2.86,False,
270,BRWN.N0000,37.41,Poor,STRONG SELL/AVOID - Poor quality across multiple dimensions,Industrial,"Poor Industrial business - avoid, multiple red flags across dimensions",10.0,55.7,55.5,25.0,39.0,30.0,66.85,2.0,11.14,8.32,3.75,5.85,3.0,3.34,False,
271,RGEM.N0000,37.2,Poor,STRONG SELL/AVOID - Poor quality across multiple dimensions,Industrial,"Poor Industrial business - avoid, multiple red flags across dimensions",24.7,61.8,48.1,10.9116,28.5,30.0,75.55,4.94,12.36,7.21,1.64,4.27,3.0,3.78,False,
272,HBS.N0000,37.14,Poor,STRONG SELL/AVOID - Poor quality across multiple dimensions,Growth,"Poor Growth business - avoid, multiple red flags across dimensions",22.1,88.0,39.1,20.0,0.0,30.0,65.05,4.42,17.6,5.87,3.0,0.0,3.0,3.25,False,
273,INME.N0000,36.95,Poor,STRONG SELL/AVOID - Poor quality across multiple dimensions,Financial,"Poor Financial business - avoid, multiple red flags across dimensions",2.5,43.7,50.0,100.0,0.0,29.0,46.25,0.5,8.74,7.5,15.0,0.0,2.9,2.31,False,
274,BRR.N0000,36.69,Poor,STRONG SELL/AVOID - Poor quality across multiple dimensions,Industrial,"Poor Industrial business - avoid, multiple red flags across dimensions",0.0,73.5,40.5,2.926000000000002,50.0,55.6,48.35,0.0,14.7,6.08,0.44,7.5,5.56,2.42,False,
275,MGT.N0000,36.59,Poor,STRONG SELL/AVOID - Poor quality across multiple dimensions,Industrial,"Poor Industrial business - avoid, multiple red flags across dimensions",31.2,58.7,63.4,0.0,22.0,30.000000000000007,55.95,6.24,11.74,9.51,0.0,3.3,3.0,2.8,False,
276,OFEQ.N0000,35.89,Poor,STRONG SELL/AVOID - Poor quality across multiple dimensions,Industrial,"Poor Industrial business - avoid, multiple red flags across dimensions",10.0,86.1,50.0,20.0,0.0,30.0,63.5,2.0,17.22,7.5,3.0,0.0,3.0,3.18,False,
277,HAPU.N0000,35.1,Poor,STRONG SELL/AVOID - Poor quality across multiple dimensions,Industrial,"Poor Industrial business - avoid, multiple red flags across dimensions",13.0,53.6,56.2,37.9644,27.0,0.6000000000000014,70.85,2.6,10.72,8.43,5.69,4.05,0.06,3.54,False,
278,CITW.N0000,35.04,Poor,STRONG SELL/AVOID - Poor quality across multiple dimensions,Industrial,"Poor Industrial business - avoid, multiple red flags across dimensions",17.5,37.3,39.1,20.0,33.0,82.6,40.0,3.5,7.46,5.87,3.0,4.95,8.26,2.0,False,
279,MAL.X0000,34.59,Poor,STRONG SELL/AVOID - Poor quality across multiple dimensions,Industrial,"Poor Industrial business - avoid, multiple red flags across dimensions",27.0,84.9,27.6,0.0,27.0,0.6000000000000014,79.25,5.4,16.98,4.14,0.0,4.05,0.06,3.96,False,
280,HVA.N0000,34.58,Poor,STRONG SELL/AVOID - Poor quality across multiple dimensions,Industrial,"Poor Industrial business - avoid, multiple red flags across dimensions",16.0,29.1,47.0,84.1188,0.0,27.5,62.85,3.2,5.82,7.05,12.62,0.0,2.75,3.14,False,
281,MRH.N0000,34.4,Poor,STRONG SELL/AVOID - Poor quality across multiple dimensions,Industrial,"Poor Industrial business - avoid, multiple red flags across dimensions",10.0,59.9,50.0,9.827600000000004,40.0,30.0,48.85,2.0,11.98,7.5,1.47,6.0,3.0,2.44,False,
282,PARA.N0000,33.98,Poor,STRONG SELL/AVOID - Poor quality across multiple dimensions,Industrial,"Poor Industrial business - avoid, multiple red flags across dimensions",12.0,77.7,50.0,20.0,0.0,30.0,50.75,2.4,15.54,7.5,3.0,0.0,3.0,2.54,False,
283,DOCK.N0000,33.89,Poor,STRONG SELL/AVOID - Poor quality across multiple dimensions,Industrial,"Poor Industrial business - avoid, multiple red flags across dimensions",10.0,39.1,50.0,17.540400000000005,40.0,29.4,100.0,2.0,7.82,7.5,2.63,6.0,2.94,5.0,True,NON-COMPLIANT WITH CSE LISTING RULES
284,KPHL.N0000,33.79,Poor,STRONG SELL/AVOID - Poor quality across multiple dimensions,Industrial,"Poor Industrial business - avoid, multiple red flags across dimensions",10.0,75.4,50.0,20.0,0.0,30.0,64.25,2.0,15.08,7.5,3.0,0.0,3.0,3.21,False,
285,MAL.N0000,33.58,Poor,STRONG SELL/AVOID - Poor quality across multiple dimensions,Industrial,"Poor Industrial business - avoid, multiple red flags across dimensions",27.0,84.9,27.6,0.0,27.0,0.6000000000000014,59.05,5.4,16.98,4.14,0.0,4.05,0.06,2.95,False,
286,CPRT.N0000,33.11,Poor,STRONG SELL/AVOID - Poor quality across multiple dimensions,Industrial,"Poor Industrial business - avoid, multiple red flags across dimensions",0.0,46.0,50.0,10.5,52.5,30.0,79.25,0.0,9.2,7.5,1.57,7.88,3.0,3.96,False,
287,SIL.N0000,33.09,Poor,STRONG SELL/AVOID - Poor quality across multiple dimensions,Industrial,"Poor Industrial business - avoid, multiple red flags across dimensions",10.0,47.7,47.0,20.0,28.5,30.0,84.45,2.0,9.54,7.05,3.0,4.27,3.0,4.22,False,
288,ACME.N0000,30.93,Poor,STRONG SELL/AVOID - Poor quality across multiple dimensions,Industrial,"Poor Industrial business - avoid, multiple red flags across dimensions",2.0,46.0,50.0,25.0,31.5,13.0,81.0,0.4,9.2,7.5,3.75,4.72,1.3,4.05,True,NON-COMPLIANT WITH CSE LISTING RULES
289,BLUE.N0000,30.77,Poor,STRONG SELL/AVOID - Poor quality across multiple dimensions,Industrial,"Poor Industrial business - avoid, multiple red flags across dimensions",10.0,60.5,50.0,25.0,0.0,30.0,48.45,2.0,12.1,7.5,3.75,0.0,3.0,2.42,True,NON-COMPLIANT WITH CSE LISTING RULES
290,DPL.N0000,29.22,Poor,STRONG SELL/AVOID - Poor quality across multiple dimensions,Industrial,"Poor Industrial business - avoid, multiple red flags across dimensions",10.0,59.5,50.0,20.0,1.0,30.0,33.45,2.0,11.9,7.5,3.0,0.15,3.0,1.67,False,
291,REEF.N0000,29.0,Poor,STRONG SELL/AVOID - Poor quality across multiple dimensions,Industrial,"Poor Industrial business - avoid, multiple red flags across dimensions",10.0,57.4,47.0,9.229200000000006,20.0,30.0,21.8,2.0,11.48,7.05,1.38,3.0,3.0,1.09,False,
292,MADU.N0000,28.33,Poor,STRONG SELL/AVOID - Poor quality across multiple dimensions,Industrial,"Poor Industrial business - avoid, multiple red flags across dimensions",0.0,27.1,44.7,53.6308,12.5,38.9,47.85,0.0,5.42,6.71,8.04,1.88,3.89,2.39,False,
293,TAJ.N0000,28.01,Poor,STRONG SELL/AVOID - Poor quality across multiple dimensions,Industrial,"Poor Industrial business - avoid, multiple red flags across dimensions",2.0,42.4,40.0,12.331600000000002,31.5,30.0,71.1,0.4,8.48,6.0,1.85,4.72,3.0,3.55,False,
294,LGL.N0000,27.55,Poor,STRONG SELL/AVOID - Poor quality across multiple dimensions,Industrial,"Poor Industrial business - avoid, multiple red flags across dimensions",10.0,18.2,47.0,20.0,35.0,29.4,73.45,2.0,3.64,7.05,3.0,5.25,2.94,3.67,False,
295,LGL.X0000,27.4,Poor,STRONG SELL/AVOID - Poor quality across multiple dimensions,Industrial,"Poor Industrial business - avoid, multiple red flags across dimensions",10.0,18.2,47.0,20.0,35.0,29.4,70.45,2.0,3.64,7.05,3.0,5.25,2.94,3.52,False,
296,HELA.N0000,26.93,Poor,STRONG SELL/AVOID - Poor quality across multiple dimensions,Industrial,"Poor Industrial business - avoid, multiple red flags across dimensions",2.0,47.5,50.0,25.0,0.0,28.099999999999994,59.4,0.4,9.5,7.5,3.75,0.0,2.81,2.97,True,NON-COMPLIANT WITH CSE LISTING RULES
297,ODEL.N0000,25.25,Poor,STRONG SELL/AVOID - Poor quality across multiple dimensions,Industrial,"Poor Industrial business - avoid, multiple red flags across dimensions",2.0,46.0,39.1,25.0,0.0,30.0,60.650000000000006,0.4,9.2,5.87,3.75,0.0,3.0,3.03,True,NON-COMPLIANT WITH CSE LISTING RULES
298,KAHA.N0000,21.4,Poor,STRONG SELL/AVOID - Poor quality across multiple dimensions,Industrial,"Poor Industrial business - avoid, multiple red flags across dimensions",2.0,30.9,50.5,35.0748,0.0,13.0,13.75,0.4,6.18,7.57,5.26,0.0,1.3,0.69,False,
