symbol,rank,dimension7_v2_score,c1_trading_activity,c2_volatility_adj,c3_market_recognition,c4_volume_trends,c5_momentum,trade_volume_score,share_volume_score,trade_density_class,volatility_level,volume_trend,volume_ratio,momentum_confluence,momentum_5d_pct,momentum_20d_pct,momentum_60d_pct,momentum_5d_score,momentum_20d_score,momentum_60d_score,phase,components_active,metrics_available,scoring_date
JKH.N0000,1,80.2,95.0,60.0,50.0,95.0,95.0,95.0,95.0,mixed,very_low,neutral,1.0,mixed,0.0,0.0,0.0,95.0,95.0,95.0,1B-D,5,10,2026-02-15
TKYO.N0000,2,79.8,95.0,55.0,50.0,95.0,95.0,95.0,95.0,institutional,low,neutral,1.0,mixed,0.0,0.0,0.0,95.0,95.0,95.0,1B-D,5,10,2026-02-15
SUN.N0000,3,79.8,95.0,55.0,50.0,95.0,95.0,95.0,95.0,mixed,low,neutral,1.0,mixed,0.0,0.0,0.0,95.0,95.0,95.0,1B-D,5,10,2026-02-15
BIL.N0000,4,79.2,95.0,50.0,50.0,95.0,95.0,95.0,95.0,mixed,moderate,neutral,1.0,mixed,0.0,0.0,0.0,95.0,95.0,95.0,1B-D,5,10,2026-02-15
PLR.N0000,5,79.2,95.0,50.0,50.0,95.0,95.0,95.0,95.0,mixed,moderate,neutral,1.0,mixed,0.0,0.0,0.0,95.0,95.0,95.0,1B-D,5,10,2026-02-15
AEL.N0000,6,79.2,95.0,50.0,50.0,95.0,95.0,95.0,95.0,mixed,moderate,neutral,1.0,mixed,0.0,0.0,0.0,95.0,95.0,95.0,1B-D,5,10,2026-02-15
DOCK.N0000,7,79.2,95.0,50.0,50.0,95.0,95.0,95.0,95.0,mixed,moderate,neutral,1.0,mixed,0.0,0.0,0.0,95.0,95.0,95.0,1B-D,5,10,2026-02-15
RAL.N0000,8,79.2,95.0,50.0,50.0,95.0,95.0,95.0,95.0,mixed,moderate,neutral,1.0,mixed,0.0,0.0,0.0,95.0,95.0,95.0,1B-D,5,10,2026-02-15
VPEL.N0000,9,78.8,95.0,45.0,50.0,95.0,95.0,95.0,95.0,mixed,high,neutral,1.0,mixed,0.0,0.0,0.0,95.0,95.0,95.0,1B-D,5,10,2026-02-15
TJL.N0000,10,78.8,95.0,45.0,50.0,95.0,95.0,95.0,95.0,institutional,high,neutral,1.0,mixed,0.0,0.0,0.0,95.0,95.0,95.0,1B-D,5,10,2026-02-15
EXT.N0000,11,78.8,95.0,45.0,50.0,95.0,95.0,95.0,95.0,mixed,high,neutral,1.0,mixed,0.0,0.0,0.0,95.0,95.0,95.0,1B-D,5,10,2026-02-15
ACL.N0000,12,78.3,88.5,60.0,50.0,95.0,95.0,95.0,82.0,mixed,very_low,neutral,1.0,mixed,0.0,0.0,0.0,95.0,95.0,95.0,1B-D,5,10,2026-02-15
TKYO.X0000,13,78.3,88.5,60.0,50.0,95.0,95.0,82.0,95.0,institutional,very_low,neutral,1.0,mixed,0.0,0.0,0.0,95.0,95.0,95.0,1B-D,5,10,2026-02-15
COMB.N0000,14,78.3,88.5,60.0,50.0,95.0,95.0,95.0,82.0,mixed,very_low,neutral,1.0,mixed,0.0,0.0,0.0,95.0,95.0,95.0,1B-D,5,10,2026-02-15
SAMP.N0000,15,78.3,88.5,60.0,50.0,95.0,95.0,95.0,82.0,retail,very_low,neutral,1.0,mixed,0.0,0.0,0.0,95.0,95.0,95.0,1B-D,5,10,2026-02-15
NHL.N0000,16,78.2,95.0,40.0,50.0,95.0,95.0,95.0,95.0,mixed,very_high,neutral,1.0,mixed,0.0,0.0,0.0,95.0,95.0,95.0,1B-D,5,10,2026-02-15
EML.N0000,17,78.2,95.0,40.0,50.0,95.0,95.0,95.0,95.0,mixed,very_high,neutral,1.0,mixed,0.0,0.0,0.0,95.0,95.0,95.0,1B-D,5,10,2026-02-15
JINS.N0000,18,78.2,95.0,40.0,50.0,95.0,95.0,95.0,95.0,retail,very_high,neutral,1.0,mixed,0.0,0.0,0.0,95.0,95.0,95.0,1B-D,5,10,2026-02-15
EMER.N0000,19,78.2,95.0,40.0,50.0,95.0,95.0,95.0,95.0,mixed,very_high,neutral,1.0,mixed,0.0,0.0,0.0,95.0,95.0,95.0,1B-D,5,10,2026-02-15
CWL.N0000,20,78.2,95.0,40.0,50.0,95.0,95.0,95.0,95.0,mixed,very_high,neutral,1.0,mixed,0.0,0.0,0.0,95.0,95.0,95.0,1B-D,5,10,2026-02-15
ACME.N0000,21,78.2,95.0,40.0,50.0,95.0,95.0,95.0,95.0,mixed,very_high,neutral,1.0,mixed,0.0,0.0,0.0,95.0,95.0,95.0,1B-D,5,10,2026-02-15
SCAP.N0000,22,78.2,95.0,40.0,50.0,95.0,95.0,95.0,95.0,institutional,very_high,neutral,1.0,mixed,0.0,0.0,0.0,95.0,95.0,95.0,1B-D,5,10,2026-02-15
SIRA.N0000,23,77.8,88.5,55.0,50.0,95.0,95.0,82.0,95.0,mixed,low,neutral,1.0,mixed,0.0,0.0,0.0,95.0,95.0,95.0,1B-D,5,10,2026-02-15
LMF.N0000,24,77.8,88.5,55.0,50.0,95.0,95.0,95.0,82.0,mixed,low,neutral,1.0,mixed,0.0,0.0,0.0,95.0,95.0,95.0,1B-D,5,10,2026-02-15
LVEF.N0000,25,77.3,88.5,50.0,50.0,95.0,95.0,82.0,95.0,mixed,moderate,neutral,1.0,mixed,0.0,0.0,0.0,95.0,95.0,95.0,1B-D,5,10,2026-02-15
HNB.N0000,26,77.3,88.5,50.0,50.0,95.0,95.0,95.0,82.0,retail,moderate,neutral,1.0,mixed,0.0,0.0,0.0,95.0,95.0,95.0,1B-D,5,10,2026-02-15
YORK.N0000,27,77.3,88.5,50.0,50.0,95.0,95.0,95.0,82.0,mixed,moderate,neutral,1.0,mixed,0.0,0.0,0.0,95.0,95.0,95.0,1B-D,5,10,2026-02-15
HVA.N0000,28,77.3,88.5,50.0,50.0,95.0,95.0,82.0,95.0,mixed,moderate,neutral,1.0,mixed,0.0,0.0,0.0,95.0,95.0,95.0,1B-D,5,10,2026-02-15
WLTH.N0000,29,77.3,88.5,50.0,50.0,95.0,95.0,95.0,82.0,mixed,moderate,neutral,1.0,mixed,0.0,0.0,0.0,95.0,95.0,95.0,1B-D,5,10,2026-02-15
UBF.N0000,30,76.8,88.5,45.0,50.0,95.0,95.0,82.0,95.0,institutional,high,neutral,1.0,mixed,0.0,0.0,0.0,95.0,95.0,95.0,1B-D,5,10,2026-02-15
UML.N0000,31,76.8,88.5,45.0,50.0,95.0,95.0,95.0,82.0,mixed,high,neutral,1.0,mixed,0.0,0.0,0.0,95.0,95.0,95.0,1B-D,5,10,2026-02-15
SINH.N0000,32,76.8,88.5,45.0,50.0,95.0,95.0,82.0,95.0,mixed,high,neutral,1.0,mixed,0.0,0.0,0.0,95.0,95.0,95.0,1B-D,5,10,2026-02-15
CIC.N0000,33,76.3,82.0,60.0,50.0,95.0,95.0,82.0,82.0,mixed,very_low,neutral,1.0,mixed,0.0,0.0,0.0,95.0,95.0,95.0,1B-D,5,10,2026-02-15
SHOT.X0000,34,76.3,88.5,40.0,50.0,95.0,95.0,82.0,95.0,mixed,very_high,neutral,1.0,mixed,0.0,0.0,0.0,95.0,95.0,95.0,1B-D,5,10,2026-02-15
HAYL.N0000,35,76.3,82.0,60.0,50.0,95.0,95.0,82.0,82.0,mixed,very_low,neutral,1.0,mixed,0.0,0.0,0.0,95.0,95.0,95.0,1B-D,5,10,2026-02-15
HHL.N0000,36,76.3,82.0,60.0,50.0,95.0,95.0,82.0,82.0,mixed,very_low,neutral,1.0,mixed,0.0,0.0,0.0,95.0,95.0,95.0,1B-D,5,10,2026-02-15
CRL.N0000,37,76.3,88.5,40.0,50.0,95.0,95.0,82.0,95.0,mixed,very_high,neutral,1.0,mixed,0.0,0.0,0.0,95.0,95.0,95.0,1B-D,5,10,2026-02-15
NDB.N0000,38,75.8,82.0,55.0,50.0,95.0,95.0,82.0,82.0,mixed,low,neutral,1.0,mixed,0.0,0.0,0.0,95.0,95.0,95.0,1B-D,5,10,2026-02-15
CIC.X0000,39,75.8,82.0,55.0,50.0,95.0,95.0,82.0,82.0,mixed,low,neutral,1.0,mixed,0.0,0.0,0.0,95.0,95.0,95.0,1B-D,5,10,2026-02-15
RIL.N0000,40,75.8,82.0,55.0,50.0,95.0,95.0,82.0,82.0,mixed,low,neutral,1.0,mixed,0.0,0.0,0.0,95.0,95.0,95.0,1B-D,5,10,2026-02-15
KZOO.N0000,41,75.3,82.0,50.0,50.0,95.0,95.0,82.0,82.0,mixed,moderate,neutral,1.0,mixed,0.0,0.0,0.0,95.0,95.0,95.0,1B-D,5,10,2026-02-15
SEYB.X0000,42,75.3,82.0,50.0,50.0,95.0,95.0,82.0,82.0,mixed,moderate,neutral,1.0,mixed,0.0,0.0,0.0,95.0,95.0,95.0,1B-D,5,10,2026-02-15
JETS.N0000,43,75.3,82.0,50.0,50.0,95.0,95.0,82.0,82.0,mixed,moderate,neutral,1.0,mixed,0.0,0.0,0.0,95.0,95.0,95.0,1B-D,5,10,2026-02-15
WAPO.N0000,44,75.3,82.0,50.0,50.0,95.0,95.0,82.0,82.0,mixed,moderate,neutral,1.0,mixed,0.0,0.0,0.0,95.0,95.0,95.0,1B-D,5,10,2026-02-15
CBNK.N0000,45,75.3,82.0,50.0,50.0,95.0,95.0,82.0,82.0,mixed,moderate,neutral,1.0,mixed,0.0,0.0,0.0,95.0,95.0,95.0,1B-D,5,10,2026-02-15
MHDL.N0000,46,74.8,82.0,45.0,50.0,95.0,95.0,82.0,82.0,mixed,high,neutral,1.0,mixed,0.0,0.0,0.0,95.0,95.0,95.0,1B-D,5,10,2026-02-15
CFIN.N0000,47,74.8,78.5,55.0,50.0,95.0,95.0,95.0,62.0,retail,low,neutral,1.0,mixed,0.0,0.0,0.0,95.0,95.0,95.0,1B-D,5,10,2026-02-15
PABC.N0000,48,74.8,82.0,45.0,50.0,95.0,95.0,82.0,82.0,mixed,high,neutral,1.0,mixed,0.0,0.0,0.0,95.0,95.0,95.0,1B-D,5,10,2026-02-15
HNBF.N0000,49,74.8,78.5,55.0,50.0,95.0,95.0,62.0,95.0,institutional,low,neutral,1.0,mixed,0.0,0.0,0.0,95.0,95.0,95.0,1B-D,5,10,2026-02-15
KPHL.N0000,50,74.8,82.0,45.0,50.0,95.0,95.0,82.0,82.0,mixed,high,neutral,1.0,mixed,0.0,0.0,0.0,95.0,95.0,95.0,1B-D,5,10,2026-02-15
HBS.N0000,51,74.8,78.5,55.0,50.0,95.0,95.0,62.0,95.0,institutional,low,neutral,1.0,mixed,0.0,0.0,0.0,95.0,95.0,95.0,1B-D,5,10,2026-02-15
AAIC.N0000,52,74.3,78.5,50.0,50.0,95.0,95.0,95.0,62.0,retail,moderate,neutral,1.0,mixed,0.0,0.0,0.0,95.0,95.0,95.0,1B-D,5,10,2026-02-15
TESS.N0000,53,73.8,78.5,45.0,50.0,95.0,95.0,62.0,95.0,institutional,high,neutral,1.0,mixed,0.0,0.0,0.0,95.0,95.0,95.0,1B-D,5,10,2026-02-15
CALT.N0000,54,73.3,72.0,60.0,50.0,95.0,95.0,82.0,62.0,retail,very_low,neutral,1.0,mixed,0.0,0.0,0.0,95.0,95.0,95.0,1B-D,5,10,2026-02-15
MGT.N0000,55,73.3,72.0,60.0,50.0,95.0,95.0,62.0,82.0,mixed,very_low,neutral,1.0,mixed,0.0,0.0,0.0,95.0,95.0,95.0,1B-D,5,10,2026-02-15
CFVF.N0000,56,73.3,72.0,60.0,50.0,95.0,95.0,82.0,62.0,retail,very_low,neutral,1.0,mixed,0.0,0.0,0.0,95.0,95.0,95.0,1B-D,5,10,2026-02-15
DFCC.N0000,57,73.3,72.0,60.0,50.0,95.0,95.0,82.0,62.0,retail,very_low,neutral,1.0,mixed,0.0,0.0,0.0,95.0,95.0,95.0,1B-D,5,10,2026-02-15
LGL.N0000,58,73.3,72.0,60.0,50.0,95.0,95.0,62.0,82.0,mixed,very_low,neutral,1.0,mixed,0.0,0.0,0.0,95.0,95.0,95.0,1B-D,5,10,2026-02-15
DIPD.N0000,59,73.3,72.0,60.0,50.0,95.0,95.0,82.0,62.0,retail,very_low,neutral,1.0,mixed,0.0,0.0,0.0,95.0,95.0,95.0,1B-D,5,10,2026-02-15
CALH.N0000,60,72.8,72.0,55.0,50.0,95.0,95.0,82.0,62.0,mixed,low,neutral,1.0,mixed,0.0,0.0,0.0,95.0,95.0,95.0,1B-D,5,10,2026-02-15
CSLK.N0000,61,72.8,72.0,55.0,50.0,95.0,95.0,62.0,82.0,mixed,low,neutral,1.0,mixed,0.0,0.0,0.0,95.0,95.0,95.0,1B-D,5,10,2026-02-15
LFIN.N0000,62,72.8,72.0,55.0,50.0,95.0,95.0,82.0,62.0,mixed,low,neutral,1.0,mixed,0.0,0.0,0.0,95.0,95.0,95.0,1B-D,5,10,2026-02-15
DIST.N0000,63,72.8,72.0,55.0,50.0,95.0,95.0,82.0,62.0,retail,low,neutral,1.0,mixed,0.0,0.0,0.0,95.0,95.0,95.0,1B-D,5,10,2026-02-15
KCAB.N0000,64,72.8,72.0,55.0,50.0,95.0,95.0,82.0,62.0,retail,low,neutral,1.0,mixed,0.0,0.0,0.0,95.0,95.0,95.0,1B-D,5,10,2026-02-15
RCL.N0000,65,72.8,72.0,55.0,50.0,95.0,95.0,82.0,62.0,mixed,low,neutral,1.0,mixed,0.0,0.0,0.0,95.0,95.0,95.0,1B-D,5,10,2026-02-15
DIAL.N0000,66,72.8,72.0,55.0,50.0,95.0,95.0,82.0,62.0,retail,low,neutral,1.0,mixed,0.0,0.0,0.0,95.0,95.0,95.0,1B-D,5,10,2026-02-15
AGST.N0000,67,72.3,72.0,50.0,50.0,95.0,95.0,62.0,82.0,mixed,moderate,neutral,1.0,mixed,0.0,0.0,0.0,95.0,95.0,95.0,1B-D,5,10,2026-02-15
KOTA.N0000,68,72.3,72.0,50.0,50.0,95.0,95.0,62.0,82.0,mixed,moderate,neutral,1.0,mixed,0.0,0.0,0.0,95.0,95.0,95.0,1B-D,5,10,2026-02-15
LCBF.N0000,69,72.3,72.0,50.0,50.0,95.0,95.0,62.0,82.0,mixed,moderate,neutral,1.0,mixed,0.0,0.0,0.0,95.0,95.0,95.0,1B-D,5,10,2026-02-15
HNB.X0000,70,72.3,72.0,50.0,50.0,95.0,95.0,82.0,62.0,retail,moderate,neutral,1.0,mixed,0.0,0.0,0.0,95.0,95.0,95.0,1B-D,5,10,2026-02-15
ASIY.N0000,71,72.3,72.0,50.0,50.0,95.0,95.0,62.0,82.0,mixed,moderate,neutral,1.0,mixed,0.0,0.0,0.0,95.0,95.0,95.0,1B-D,5,10,2026-02-15
COOP.N0000,72,72.3,72.0,50.0,50.0,95.0,95.0,62.0,82.0,mixed,moderate,neutral,1.0,mixed,0.0,0.0,0.0,95.0,95.0,95.0,1B-D,5,10,2026-02-15
FCT.N0000,73,72.3,72.0,50.0,50.0,95.0,95.0,82.0,62.0,retail,moderate,neutral,1.0,mixed,0.0,0.0,0.0,95.0,95.0,95.0,1B-D,5,10,2026-02-15
LOFC.N0000,74,72.3,72.0,50.0,50.0,95.0,95.0,62.0,82.0,mixed,moderate,neutral,1.0,mixed,0.0,0.0,0.0,95.0,95.0,95.0,1B-D,5,10,2026-02-15
CLND.N0000,75,72.3,72.0,50.0,50.0,95.0,95.0,62.0,82.0,mixed,moderate,neutral,1.0,mixed,0.0,0.0,0.0,95.0,95.0,95.0,1B-D,5,10,2026-02-15
HNBF.X0000,76,71.8,72.0,45.0,50.0,95.0,95.0,62.0,82.0,mixed,high,neutral,1.0,mixed,0.0,0.0,0.0,95.0,95.0,95.0,1B-D,5,10,2026-02-15
LUMX.N0000,77,71.8,72.0,45.0,50.0,95.0,95.0,62.0,82.0,mixed,high,neutral,1.0,mixed,0.0,0.0,0.0,95.0,95.0,95.0,1B-D,5,10,2026-02-15
WATA.N0000,78,71.8,72.0,45.0,50.0,95.0,95.0,82.0,62.0,retail,high,neutral,1.0,mixed,0.0,0.0,0.0,95.0,95.0,95.0,1B-D,5,10,2026-02-15
MDL.N0000,79,71.8,72.0,45.0,50.0,95.0,95.0,62.0,82.0,mixed,high,neutral,1.0,mixed,0.0,0.0,0.0,95.0,95.0,95.0,1B-D,5,10,2026-02-15
HPWR.N0000,80,71.8,72.0,45.0,50.0,95.0,95.0,62.0,82.0,mixed,high,neutral,1.0,mixed,0.0,0.0,0.0,95.0,95.0,95.0,1B-D,5,10,2026-02-15
CTBL.N0000,81,71.8,72.0,45.0,50.0,95.0,95.0,62.0,82.0,mixed,high,neutral,1.0,mixed,0.0,0.0,0.0,95.0,95.0,95.0,1B-D,5,10,2026-02-15
MEL.N0000,82,71.8,72.0,45.0,50.0,95.0,95.0,62.0,82.0,mixed,high,neutral,1.0,mixed,0.0,0.0,0.0,95.0,95.0,95.0,1B-D,5,10,2026-02-15
ALUM.N0000,83,71.8,72.0,45.0,50.0,95.0,95.0,82.0,62.0,mixed,high,neutral,1.0,mixed,0.0,0.0,0.0,95.0,95.0,95.0,1B-D,5,10,2026-02-15
SIGV.N0000,84,71.8,72.0,45.0,50.0,95.0,95.0,82.0,62.0,retail,high,neutral,1.0,mixed,0.0,0.0,0.0,95.0,95.0,95.0,1B-D,5,10,2026-02-15
PARQ.N0000,85,71.8,72.0,45.0,50.0,95.0,95.0,82.0,62.0,retail,high,neutral,1.0,mixed,0.0,0.0,0.0,95.0,95.0,95.0,1B-D,5,10,2026-02-15
KHL.N0000,86,70.3,62.0,60.0,50.0,95.0,95.0,62.0,62.0,mixed,very_low,neutral,1.0,mixed,0.0,0.0,0.0,95.0,95.0,95.0,1B-D,5,10,2026-02-15
TAP.N0000,87,70.3,62.0,60.0,50.0,95.0,95.0,62.0,62.0,mixed,very_low,neutral,1.0,mixed,0.0,0.0,0.0,95.0,95.0,95.0,1B-D,5,10,2026-02-15
SPEN.N0000,88,70.3,62.0,60.0,50.0,95.0,95.0,62.0,62.0,mixed,very_low,neutral,1.0,mixed,0.0,0.0,0.0,95.0,95.0,95.0,1B-D,5,10,2026-02-15
AAF.N0000,89,70.3,62.0,60.0,50.0,95.0,95.0,62.0,62.0,mixed,very_low,neutral,1.0,mixed,0.0,0.0,0.0,95.0,95.0,95.0,1B-D,5,10,2026-02-15
NTB.N0000,90,70.3,62.0,60.0,50.0,95.0,95.0,62.0,62.0,retail,very_low,neutral,1.0,mixed,0.0,0.0,0.0,95.0,95.0,95.0,1B-D,5,10,2026-02-15
UAL.N0000,91,70.3,62.0,60.0,50.0,95.0,95.0,62.0,62.0,mixed,very_low,neutral,1.0,mixed,0.0,0.0,0.0,95.0,95.0,95.0,1B-D,5,10,2026-02-15
COMB.X0000,92,70.3,62.0,60.0,50.0,95.0,95.0,62.0,62.0,mixed,very_low,neutral,1.0,mixed,0.0,0.0,0.0,95.0,95.0,95.0,1B-D,5,10,2026-02-15
MELS.N0000,93,70.3,62.0,60.0,50.0,95.0,95.0,62.0,62.0,retail,very_low,neutral,1.0,mixed,0.0,0.0,0.0,95.0,95.0,95.0,1B-D,5,10,2026-02-15
LIOC.N0000,94,70.3,62.0,60.0,50.0,95.0,95.0,62.0,62.0,retail,very_low,neutral,1.0,mixed,0.0,0.0,0.0,95.0,95.0,95.0,1B-D,5,10,2026-02-15
PKME.N0000,95,70.3,62.0,60.0,50.0,95.0,95.0,62.0,62.0,retail,very_low,neutral,1.0,mixed,0.0,0.0,0.0,95.0,95.0,95.0,1B-D,5,10,2026-02-15
COCR.N0000,96,70.3,62.0,60.0,50.0,95.0,95.0,62.0,62.0,retail,very_low,neutral,1.0,mixed,0.0,0.0,0.0,95.0,95.0,95.0,1B-D,5,10,2026-02-15
HAYC.N0000,97,70.3,62.0,60.0,50.0,95.0,95.0,62.0,62.0,retail,very_low,neutral,1.0,mixed,0.0,0.0,0.0,95.0,95.0,95.0,1B-D,5,10,2026-02-15
SERV.N0000,98,69.8,62.0,55.0,50.0,95.0,95.0,62.0,62.0,mixed,low,neutral,1.0,mixed,0.0,0.0,0.0,95.0,95.0,95.0,1B-D,5,10,2026-02-15
VONE.N0000,99,69.8,62.0,55.0,50.0,95.0,95.0,62.0,62.0,retail,low,neutral,1.0,mixed,0.0,0.0,0.0,95.0,95.0,95.0,1B-D,5,10,2026-02-15
SEYB.N0000,100,69.8,62.0,55.0,50.0,95.0,95.0,62.0,62.0,mixed,low,neutral,1.0,mixed,0.0,0.0,0.0,95.0,95.0,95.0,1B-D,5,10,2026-02-15
OSEA.N0000,101,69.8,62.0,55.0,50.0,95.0,95.0,62.0,62.0,retail,low,neutral,1.0,mixed,0.0,0.0,0.0,95.0,95.0,95.0,1B-D,5,10,2026-02-15
VFIN.N0000,102,69.8,62.0,55.0,50.0,95.0,95.0,62.0,62.0,retail,low,neutral,1.0,mixed,0.0,0.0,0.0,95.0,95.0,95.0,1B-D,5,10,2026-02-15
ABL.N0000,103,69.8,62.0,55.0,50.0,95.0,95.0,62.0,62.0,retail,low,neutral,1.0,mixed,0.0,0.0,0.0,95.0,95.0,95.0,1B-D,5,10,2026-02-15
ASCO.N0000,104,69.8,62.0,55.0,50.0,95.0,95.0,62.0,62.0,mixed,low,neutral,1.0,mixed,0.0,0.0,0.0,95.0,95.0,95.0,1B-D,5,10,2026-02-15
JAT.N0000,105,69.8,62.0,55.0,50.0,95.0,95.0,62.0,62.0,retail,low,neutral,1.0,mixed,0.0,0.0,0.0,95.0,95.0,95.0,1B-D,5,10,2026-02-15
CWM.N0000,106,69.8,62.0,55.0,50.0,95.0,95.0,62.0,62.0,retail,low,neutral,1.0,mixed,0.0,0.0,0.0,95.0,95.0,95.0,1B-D,5,10,2026-02-15
LPRT.N0000,107,69.5,66.0,40.0,50.0,95.0,95.0,95.0,37.0,retail,very_high,neutral,1.0,mixed,0.0,0.0,0.0,95.0,95.0,95.0,1B-D,5,10,2026-02-15
RWSL.N0000,108,69.3,62.0,50.0,50.0,95.0,95.0,62.0,62.0,mixed,moderate,neutral,1.0,mixed,0.0,0.0,0.0,95.0,95.0,95.0,1B-D,5,10,2026-02-15
PAP.N0000,109,69.3,62.0,50.0,50.0,95.0,95.0,62.0,62.0,mixed,moderate,neutral,1.0,mixed,0.0,0.0,0.0,95.0,95.0,95.0,1B-D,5,10,2026-02-15
COCO.X0000,110,69.3,62.0,50.0,50.0,95.0,95.0,62.0,62.0,retail,moderate,neutral,1.0,mixed,0.0,0.0,0.0,95.0,95.0,95.0,1B-D,5,10,2026-02-15
AHUN.N0000,111,69.3,62.0,50.0,50.0,95.0,95.0,62.0,62.0,mixed,moderate,neutral,1.0,mixed,0.0,0.0,0.0,95.0,95.0,95.0,1B-D,5,10,2026-02-15
ATL.N0000,112,69.3,62.0,50.0,50.0,95.0,95.0,62.0,62.0,mixed,moderate,neutral,1.0,mixed,0.0,0.0,0.0,95.0,95.0,95.0,1B-D,5,10,2026-02-15
MERC.N0000,113,69.3,62.0,50.0,50.0,95.0,95.0,62.0,62.0,retail,moderate,neutral,1.0,mixed,0.0,0.0,0.0,95.0,95.0,95.0,1B-D,5,10,2026-02-15
EAST.N0000,114,69.3,62.0,50.0,50.0,95.0,95.0,62.0,62.0,retail,moderate,neutral,1.0,mixed,0.0,0.0,0.0,95.0,95.0,95.0,1B-D,5,10,2026-02-15
LALU.N0000,115,69.3,62.0,50.0,50.0,95.0,95.0,62.0,62.0,retail,moderate,neutral,1.0,mixed,0.0,0.0,0.0,95.0,95.0,95.0,1B-D,5,10,2026-02-15
EBCR.N0000,116,69.3,62.0,50.0,50.0,95.0,95.0,62.0,62.0,mixed,moderate,neutral,1.0,mixed,0.0,0.0,0.0,95.0,95.0,95.0,1B-D,5,10,2026-02-15
KAHA.N0000,117,69.3,62.0,50.0,50.0,95.0,95.0,62.0,62.0,mixed,moderate,neutral,1.0,mixed,0.0,0.0,0.0,95.0,95.0,95.0,1B-D,5,10,2026-02-15
HELA.N0000,118,69.1,59.5,55.0,50.0,95.0,95.0,37.0,82.0,mixed,low,neutral,1.0,mixed,0.0,0.0,0.0,95.0,95.0,95.0,1B-D,5,10,2026-02-15
STAF.N0000,119,68.8,62.0,45.0,50.0,95.0,95.0,62.0,62.0,retail,high,neutral,1.0,mixed,0.0,0.0,0.0,95.0,95.0,95.0,1B-D,5,10,2026-02-15
AMSL.N0000,120,68.8,62.0,45.0,50.0,95.0,95.0,62.0,62.0,mixed,high,neutral,1.0,mixed,0.0,0.0,0.0,95.0,95.0,95.0,1B-D,5,10,2026-02-15
AFS.N0000,121,68.8,62.0,45.0,50.0,95.0,95.0,62.0,62.0,mixed,high,neutral,1.0,mixed,0.0,0.0,0.0,95.0,95.0,95.0,1B-D,5,10,2026-02-15
MULL.N0000,122,68.3,62.0,40.0,50.0,95.0,95.0,62.0,62.0,mixed,very_high,neutral,1.0,mixed,0.0,0.0,0.0,95.0,95.0,95.0,1B-D,5,10,2026-02-15
KHC.N0000,123,68.3,62.0,40.0,50.0,95.0,95.0,62.0,62.0,retail,very_high,neutral,1.0,mixed,0.0,0.0,0.0,95.0,95.0,95.0,1B-D,5,10,2026-02-15
CITW.N0000,124,68.1,59.5,45.0,50.0,95.0,95.0,37.0,82.0,mixed,high,neutral,1.0,mixed,0.0,0.0,0.0,95.0,95.0,95.0,1B-D,5,10,2026-02-15
CALF.N0000,125,67.6,59.5,40.0,50.0,95.0,95.0,82.0,37.0,retail,very_high,neutral,1.0,mixed,0.0,0.0,0.0,95.0,95.0,95.0,1B-D,5,10,2026-02-15
ASPH.N0000,126,67.6,59.5,40.0,50.0,95.0,95.0,37.0,82.0,mixed,very_high,neutral,1.0,mixed,0.0,0.0,0.0,95.0,95.0,95.0,1B-D,5,10,2026-02-15
AUTO.N0000,127,67.6,59.5,40.0,50.0,95.0,95.0,82.0,37.0,retail,very_high,neutral,1.0,mixed,0.0,0.0,0.0,95.0,95.0,95.0,1B-D,5,10,2026-02-15
CPRT.N0000,128,67.6,59.5,40.0,50.0,95.0,95.0,82.0,37.0,retail,very_high,neutral,1.0,mixed,0.0,0.0,0.0,95.0,95.0,95.0,1B-D,5,10,2026-02-15
SEMB.N0000,129,67.6,59.5,40.0,50.0,95.0,95.0,37.0,82.0,institutional,very_high,neutral,1.0,mixed,0.0,0.0,0.0,95.0,95.0,95.0,1B-D,5,10,2026-02-15
SIL.N0000,130,67.6,59.5,40.0,50.0,95.0,95.0,82.0,37.0,retail,very_high,neutral,1.0,mixed,0.0,0.0,0.0,95.0,95.0,95.0,1B-D,5,10,2026-02-15
TESS.X0000,131,67.6,59.5,40.0,50.0,95.0,95.0,37.0,82.0,institutional,very_high,neutral,1.0,mixed,0.0,0.0,0.0,95.0,95.0,95.0,1B-D,5,10,2026-02-15
OFEQ.N0000,132,67.6,59.5,40.0,50.0,95.0,95.0,82.0,37.0,retail,very_high,neutral,1.0,mixed,0.0,0.0,0.0,95.0,95.0,95.0,1B-D,5,10,2026-02-15
SEMB.X0000,133,67.6,59.5,40.0,50.0,95.0,95.0,37.0,82.0,institutional,very_high,neutral,1.0,mixed,0.0,0.0,0.0,95.0,95.0,95.0,1B-D,5,10,2026-02-15
CCS.N0000,134,66.6,49.5,60.0,50.0,95.0,95.0,62.0,37.0,retail,very_low,neutral,1.0,mixed,0.0,0.0,0.0,95.0,95.0,95.0,1B-D,5,10,2026-02-15
ASIR.N0000,135,66.6,49.5,60.0,50.0,95.0,95.0,37.0,62.0,mixed,very_low,neutral,1.0,mixed,0.0,0.0,0.0,95.0,95.0,95.0,1B-D,5,10,2026-02-15
LOLC.N0000,136,66.6,49.5,60.0,50.0,95.0,95.0,62.0,37.0,retail,very_low,neutral,1.0,mixed,0.0,0.0,0.0,95.0,95.0,95.0,1B-D,5,10,2026-02-15
WIND.N0000,137,66.6,49.5,60.0,50.0,95.0,95.0,62.0,37.0,retail,very_low,neutral,1.0,mixed,0.0,0.0,0.0,95.0,95.0,95.0,1B-D,5,10,2026-02-15
NAMU.N0000,138,66.6,49.5,60.0,50.0,95.0,95.0,62.0,37.0,retail,very_low,neutral,1.0,mixed,0.0,0.0,0.0,95.0,95.0,95.0,1B-D,5,10,2026-02-15
LLUB.N0000,139,66.6,49.5,60.0,50.0,95.0,95.0,62.0,37.0,retail,very_low,neutral,1.0,mixed,0.0,0.0,0.0,95.0,95.0,95.0,1B-D,5,10,2026-02-15
RHL.N0000,140,66.6,49.5,60.0,50.0,95.0,95.0,37.0,62.0,mixed,very_low,neutral,1.0,mixed,0.0,0.0,0.0,95.0,95.0,95.0,1B-D,5,10,2026-02-15
GRAN.N0000,141,66.6,49.5,60.0,50.0,95.0,95.0,62.0,37.0,retail,very_low,neutral,1.0,mixed,0.0,0.0,0.0,95.0,95.0,95.0,1B-D,5,10,2026-02-15
VLL.N0000,142,66.1,49.5,55.0,50.0,95.0,95.0,37.0,62.0,mixed,low,neutral,1.0,mixed,0.0,0.0,0.0,95.0,95.0,95.0,1B-D,5,10,2026-02-15
SINS.N0000,143,66.1,49.5,55.0,50.0,95.0,95.0,62.0,37.0,retail,low,neutral,1.0,mixed,0.0,0.0,0.0,95.0,95.0,95.0,1B-D,5,10,2026-02-15
COCO.N0000,144,66.1,49.5,55.0,50.0,95.0,95.0,37.0,62.0,retail,low,neutral,1.0,mixed,0.0,0.0,0.0,95.0,95.0,95.0,1B-D,5,10,2026-02-15
BOGA.N0000,145,66.1,49.5,55.0,50.0,95.0,95.0,62.0,37.0,retail,low,neutral,1.0,mixed,0.0,0.0,0.0,95.0,95.0,95.0,1B-D,5,10,2026-02-15
EDEN.N0000,146,66.1,49.5,55.0,50.0,95.0,95.0,37.0,62.0,mixed,low,neutral,1.0,mixed,0.0,0.0,0.0,95.0,95.0,95.0,1B-D,5,10,2026-02-15
GHLL.N0000,147,66.1,49.5,55.0,50.0,95.0,95.0,37.0,62.0,mixed,low,neutral,1.0,mixed,0.0,0.0,0.0,95.0,95.0,95.0,1B-D,5,10,2026-02-15
REEF.N0000,148,66.1,49.5,55.0,50.0,95.0,95.0,37.0,62.0,mixed,low,neutral,1.0,mixed,0.0,0.0,0.0,95.0,95.0,95.0,1B-D,5,10,2026-02-15
TYRE.N0000,149,66.1,49.5,55.0,50.0,95.0,95.0,62.0,37.0,retail,low,neutral,1.0,mixed,0.0,0.0,0.0,95.0,95.0,95.0,1B-D,5,10,2026-02-15
MSL.N0000,150,65.6,49.5,50.0,50.0,95.0,95.0,62.0,37.0,retail,moderate,neutral,1.0,mixed,0.0,0.0,0.0,95.0,95.0,95.0,1B-D,5,10,2026-02-15
CITH.N0000,151,65.6,49.5,50.0,50.0,95.0,95.0,37.0,62.0,mixed,moderate,neutral,1.0,mixed,0.0,0.0,0.0,95.0,95.0,95.0,1B-D,5,10,2026-02-15
PACK.N0000,152,65.6,49.5,50.0,50.0,95.0,95.0,37.0,62.0,mixed,moderate,neutral,1.0,mixed,0.0,0.0,0.0,95.0,95.0,95.0,1B-D,5,10,2026-02-15
SLTL.N0000,153,65.6,49.5,50.0,50.0,95.0,95.0,62.0,37.0,retail,moderate,neutral,1.0,mixed,0.0,0.0,0.0,95.0,95.0,95.0,1B-D,5,10,2026-02-15
UBC.N0000,154,65.6,49.5,50.0,50.0,95.0,95.0,37.0,62.0,mixed,moderate,neutral,1.0,mixed,0.0,0.0,0.0,95.0,95.0,95.0,1B-D,5,10,2026-02-15
AHPL.N0000,155,65.6,49.5,50.0,50.0,95.0,95.0,37.0,62.0,institutional,moderate,neutral,1.0,mixed,0.0,0.0,0.0,95.0,95.0,95.0,1B-D,5,10,2026-02-15
MARA.N0000,156,65.6,49.5,50.0,50.0,95.0,95.0,37.0,62.0,mixed,moderate,neutral,1.0,mixed,0.0,0.0,0.0,95.0,95.0,95.0,1B-D,5,10,2026-02-15
AMF.N0000,157,65.6,49.5,50.0,50.0,95.0,95.0,37.0,62.0,mixed,moderate,neutral,1.0,mixed,0.0,0.0,0.0,95.0,95.0,95.0,1B-D,5,10,2026-02-15
BFL.N0000,158,65.6,49.5,50.0,50.0,95.0,95.0,62.0,37.0,retail,moderate,neutral,1.0,mixed,0.0,0.0,0.0,95.0,95.0,95.0,1B-D,5,10,2026-02-15
SHL.N0000,159,65.6,49.5,50.0,50.0,95.0,95.0,37.0,62.0,mixed,moderate,neutral,1.0,mixed,0.0,0.0,0.0,95.0,95.0,95.0,1B-D,5,10,2026-02-15
PMB.N0000,160,65.1,49.5,45.0,50.0,95.0,95.0,37.0,62.0,mixed,high,neutral,1.0,mixed,0.0,0.0,0.0,95.0,95.0,95.0,1B-D,5,10,2026-02-15
BERU.N0000,161,65.1,49.5,45.0,50.0,95.0,95.0,37.0,62.0,mixed,high,neutral,1.0,mixed,0.0,0.0,0.0,95.0,95.0,95.0,1B-D,5,10,2026-02-15
MFPE.N0000,162,65.1,49.5,45.0,50.0,95.0,95.0,37.0,62.0,mixed,high,neutral,1.0,mixed,0.0,0.0,0.0,95.0,95.0,95.0,1B-D,5,10,2026-02-15
GEST.N0000,163,64.6,49.5,40.0,50.0,95.0,95.0,62.0,37.0,retail,very_high,neutral,1.0,mixed,0.0,0.0,0.0,95.0,95.0,95.0,1B-D,5,10,2026-02-15
SHAW.N0000,164,64.6,49.5,40.0,50.0,95.0,95.0,62.0,37.0,retail,very_high,neutral,1.0,mixed,0.0,0.0,0.0,95.0,95.0,95.0,1B-D,5,10,2026-02-15
AFSL.N0000,165,64.6,49.5,40.0,50.0,95.0,95.0,62.0,37.0,retail,very_high,neutral,1.0,mixed,0.0,0.0,0.0,95.0,95.0,95.0,1B-D,5,10,2026-02-15
CTEA.N0000,166,63.9,47.0,40.0,50.0,95.0,95.0,82.0,12.0,retail,very_high,neutral,1.0,mixed,0.0,0.0,0.0,95.0,95.0,95.0,1B-D,5,10,2026-02-15
JFP.N0000,167,62.9,37.0,60.0,50.0,95.0,95.0,37.0,37.0,retail,very_low,neutral,1.0,mixed,0.0,0.0,0.0,95.0,95.0,95.0,1B-D,5,10,2026-02-15
LWL.N0000,168,62.9,37.0,60.0,50.0,95.0,95.0,37.0,37.0,mixed,very_low,neutral,1.0,mixed,0.0,0.0,0.0,95.0,95.0,95.0,1B-D,5,10,2026-02-15
ALLI.N0000,169,62.9,37.0,60.0,50.0,95.0,95.0,37.0,37.0,retail,very_low,neutral,1.0,mixed,0.0,0.0,0.0,95.0,95.0,95.0,1B-D,5,10,2026-02-15
GLAS.N0000,170,62.9,37.0,60.0,50.0,95.0,95.0,37.0,37.0,retail,very_low,neutral,1.0,mixed,0.0,0.0,0.0,95.0,95.0,95.0,1B-D,5,10,2026-02-15
HDFC.N0000,171,62.9,37.0,60.0,50.0,95.0,95.0,37.0,37.0,retail,very_low,neutral,1.0,mixed,0.0,0.0,0.0,95.0,95.0,95.0,1B-D,5,10,2026-02-15
RHL.X0000,172,62.9,37.0,60.0,50.0,95.0,95.0,12.0,62.0,institutional,very_low,neutral,1.0,mixed,0.0,0.0,0.0,95.0,95.0,95.0,1B-D,5,10,2026-02-15
RICH.N0000,173,62.9,37.0,60.0,50.0,95.0,95.0,37.0,37.0,retail,very_low,neutral,1.0,mixed,0.0,0.0,0.0,95.0,95.0,95.0,1B-D,5,10,2026-02-15
TILE.N0000,174,62.9,37.0,60.0,50.0,95.0,95.0,37.0,37.0,retail,very_low,neutral,1.0,mixed,0.0,0.0,0.0,95.0,95.0,95.0,1B-D,5,10,2026-02-15
CINV.N0000,175,62.9,37.0,60.0,50.0,95.0,95.0,37.0,37.0,retail,very_low,neutral,1.0,mixed,0.0,0.0,0.0,95.0,95.0,95.0,1B-D,5,10,2026-02-15
PLC.N0000,176,62.9,37.0,60.0,50.0,95.0,95.0,37.0,37.0,retail,very_low,neutral,1.0,mixed,0.0,0.0,0.0,95.0,95.0,95.0,1B-D,5,10,2026-02-15
HASU.N0000,177,62.9,37.0,60.0,50.0,95.0,95.0,37.0,37.0,retail,very_low,neutral,1.0,mixed,0.0,0.0,0.0,95.0,95.0,95.0,1B-D,5,10,2026-02-15
AGPL.N0000,178,62.4,37.0,55.0,50.0,95.0,95.0,37.0,37.0,retail,low,neutral,1.0,mixed,0.0,0.0,0.0,95.0,95.0,95.0,1B-D,5,10,2026-02-15
LHCL.N0000,179,62.4,37.0,55.0,50.0,95.0,95.0,37.0,37.0,retail,low,neutral,1.0,mixed,0.0,0.0,0.0,95.0,95.0,95.0,1B-D,5,10,2026-02-15
HPL.N0000,180,62.4,37.0,55.0,50.0,95.0,95.0,37.0,37.0,retail,low,neutral,1.0,mixed,0.0,0.0,0.0,95.0,95.0,95.0,1B-D,5,10,2026-02-15
LITE.N0000,181,62.4,37.0,55.0,50.0,95.0,95.0,37.0,37.0,retail,low,neutral,1.0,mixed,0.0,0.0,0.0,95.0,95.0,95.0,1B-D,5,10,2026-02-15
SFIN.N0000,182,62.4,37.0,55.0,50.0,95.0,95.0,37.0,37.0,retail,low,neutral,1.0,mixed,0.0,0.0,0.0,95.0,95.0,95.0,1B-D,5,10,2026-02-15
TPL.N0000,183,62.4,37.0,55.0,50.0,95.0,95.0,37.0,37.0,retail,low,neutral,1.0,mixed,0.0,0.0,0.0,95.0,95.0,95.0,1B-D,5,10,2026-02-15
CIND.N0000,184,62.4,37.0,55.0,50.0,95.0,95.0,37.0,37.0,retail,low,neutral,1.0,mixed,0.0,0.0,0.0,95.0,95.0,95.0,1B-D,5,10,2026-02-15
CTC.N0000,185,62.4,37.0,55.0,50.0,95.0,95.0,62.0,12.0,retail,low,neutral,1.0,mixed,0.0,0.0,0.0,95.0,95.0,95.0,1B-D,5,10,2026-02-15
LGIL.N0000,186,62.4,37.0,55.0,50.0,95.0,95.0,37.0,37.0,retail,low,neutral,1.0,mixed,0.0,0.0,0.0,95.0,95.0,95.0,1B-D,5,10,2026-02-15
LDEV.N0000,187,62.4,37.0,55.0,50.0,95.0,95.0,37.0,37.0,retail,low,neutral,1.0,mixed,0.0,0.0,0.0,95.0,95.0,95.0,1B-D,5,10,2026-02-15
PHAR.N0000,188,61.9,37.0,50.0,50.0,95.0,95.0,37.0,37.0,retail,moderate,neutral,1.0,mixed,0.0,0.0,0.0,95.0,95.0,95.0,1B-D,5,10,2026-02-15
MBSL.N0000,189,61.9,37.0,50.0,50.0,95.0,95.0,37.0,37.0,retail,moderate,neutral,1.0,mixed,0.0,0.0,0.0,95.0,95.0,95.0,1B-D,5,10,2026-02-15
HSIG.N0000,190,61.9,37.0,50.0,50.0,95.0,95.0,37.0,37.0,retail,moderate,neutral,1.0,mixed,0.0,0.0,0.0,95.0,95.0,95.0,1B-D,5,10,2026-02-15
TSML.N0000,191,61.9,37.0,50.0,50.0,95.0,95.0,37.0,37.0,mixed,moderate,neutral,1.0,mixed,0.0,0.0,0.0,95.0,95.0,95.0,1B-D,5,10,2026-02-15
MADU.N0000,192,61.9,37.0,50.0,50.0,95.0,95.0,37.0,37.0,retail,moderate,neutral,1.0,mixed,0.0,0.0,0.0,95.0,95.0,95.0,1B-D,5,10,2026-02-15
CHOT.N0000,193,61.9,37.0,50.0,50.0,95.0,95.0,37.0,37.0,retail,moderate,neutral,1.0,mixed,0.0,0.0,0.0,95.0,95.0,95.0,1B-D,5,10,2026-02-15
BRWN.N0000,194,61.9,37.0,50.0,50.0,95.0,95.0,37.0,37.0,retail,moderate,neutral,1.0,mixed,0.0,0.0,0.0,95.0,95.0,95.0,1B-D,5,10,2026-02-15
CSD.N0000,195,61.9,37.0,50.0,50.0,95.0,95.0,37.0,37.0,retail,moderate,neutral,1.0,mixed,0.0,0.0,0.0,95.0,95.0,95.0,1B-D,5,10,2026-02-15
APLA.N0000,196,61.9,37.0,50.0,50.0,95.0,95.0,37.0,37.0,retail,moderate,neutral,1.0,mixed,0.0,0.0,0.0,95.0,95.0,95.0,1B-D,5,10,2026-02-15
HPFL.N0000,197,61.9,37.0,50.0,50.0,95.0,95.0,37.0,37.0,retail,moderate,neutral,1.0,mixed,0.0,0.0,0.0,95.0,95.0,95.0,1B-D,5,10,2026-02-15
CARE.N0000,198,61.4,37.0,45.0,50.0,95.0,95.0,37.0,37.0,retail,high,neutral,1.0,mixed,0.0,0.0,0.0,95.0,95.0,95.0,1B-D,5,10,2026-02-15
PINS.N0000,199,61.4,37.0,45.0,50.0,95.0,95.0,37.0,37.0,retail,high,neutral,1.0,mixed,0.0,0.0,0.0,95.0,95.0,95.0,1B-D,5,10,2026-02-15
RGEM.N0000,200,61.4,37.0,45.0,50.0,95.0,95.0,37.0,37.0,retail,high,neutral,1.0,mixed,0.0,0.0,0.0,95.0,95.0,95.0,1B-D,5,10,2026-02-15
HEXP.N0000,201,61.4,37.0,45.0,50.0,95.0,95.0,37.0,37.0,retail,high,neutral,1.0,mixed,0.0,0.0,0.0,95.0,95.0,95.0,1B-D,5,10,2026-02-15
RPBH.N0000,202,61.4,37.0,45.0,50.0,95.0,95.0,37.0,37.0,retail,high,neutral,1.0,mixed,0.0,0.0,0.0,95.0,95.0,95.0,1B-D,5,10,2026-02-15
AINS.N0000,203,61.4,37.0,45.0,50.0,95.0,95.0,37.0,37.0,retail,high,neutral,1.0,mixed,0.0,0.0,0.0,95.0,95.0,95.0,1B-D,5,10,2026-02-15
KVAL.N0000,204,61.4,37.0,45.0,50.0,95.0,95.0,37.0,37.0,retail,high,neutral,1.0,mixed,0.0,0.0,0.0,95.0,95.0,95.0,1B-D,5,10,2026-02-15
TAFL.N0000,205,61.4,37.0,45.0,50.0,95.0,95.0,62.0,12.0,retail,high,neutral,1.0,mixed,0.0,0.0,0.0,95.0,95.0,95.0,1B-D,5,10,2026-02-15
NEH.N0000,206,60.9,37.0,40.0,50.0,95.0,95.0,62.0,12.0,retail,very_high,neutral,1.0,mixed,0.0,0.0,0.0,95.0,95.0,95.0,1B-D,5,10,2026-02-15
CARG.N0000,207,59.1,24.5,60.0,50.0,95.0,95.0,37.0,12.0,retail,very_low,neutral,1.0,mixed,0.0,0.0,0.0,95.0,95.0,95.0,1B-D,5,10,2026-02-15
MCPL.N0000,208,59.1,24.5,60.0,50.0,95.0,95.0,12.0,37.0,retail,very_low,neutral,1.0,mixed,0.0,0.0,0.0,95.0,95.0,95.0,1B-D,5,10,2026-02-15
BFN.N0000,209,59.1,24.5,60.0,50.0,95.0,95.0,12.0,37.0,retail,very_low,neutral,1.0,mixed,0.0,0.0,0.0,95.0,95.0,95.0,1B-D,5,10,2026-02-15
CINS.N0000,210,59.1,24.5,60.0,50.0,95.0,95.0,12.0,37.0,mixed,very_low,neutral,1.0,mixed,0.0,0.0,0.0,95.0,95.0,95.0,1B-D,5,10,2026-02-15
ELPL.N0000,211,59.1,24.5,60.0,50.0,95.0,95.0,12.0,37.0,retail,very_low,neutral,1.0,mixed,0.0,0.0,0.0,95.0,95.0,95.0,1B-D,5,10,2026-02-15
BPPL.N0000,212,59.1,24.5,60.0,50.0,95.0,95.0,12.0,37.0,retail,very_low,neutral,1.0,mixed,0.0,0.0,0.0,95.0,95.0,95.0,1B-D,5,10,2026-02-15
CHMX.N0000,213,58.6,24.5,55.0,50.0,95.0,95.0,37.0,12.0,retail,low,neutral,1.0,mixed,0.0,0.0,0.0,95.0,95.0,95.0,1B-D,5,10,2026-02-15
DPL.N0000,214,58.6,24.5,55.0,50.0,95.0,95.0,12.0,37.0,mixed,low,neutral,1.0,mixed,0.0,0.0,0.0,95.0,95.0,95.0,1B-D,5,10,2026-02-15
HUNA.N0000,215,58.6,24.5,55.0,50.0,95.0,95.0,12.0,37.0,mixed,low,neutral,1.0,mixed,0.0,0.0,0.0,95.0,95.0,95.0,1B-D,5,10,2026-02-15
SOY.N0000,216,58.6,24.5,55.0,50.0,95.0,95.0,37.0,12.0,retail,low,neutral,1.0,mixed,0.0,0.0,0.0,95.0,95.0,95.0,1B-D,5,10,2026-02-15
DIMO.N0000,217,58.6,24.5,55.0,50.0,95.0,95.0,37.0,12.0,retail,low,neutral,1.0,mixed,0.0,0.0,0.0,95.0,95.0,95.0,1B-D,5,10,2026-02-15
AGAL.N0000,218,58.6,24.5,55.0,50.0,95.0,95.0,12.0,37.0,retail,low,neutral,1.0,mixed,0.0,0.0,0.0,95.0,95.0,95.0,1B-D,5,10,2026-02-15
LPL.N0000,219,58.6,24.5,55.0,50.0,95.0,95.0,12.0,37.0,retail,low,neutral,1.0,mixed,0.0,0.0,0.0,95.0,95.0,95.0,1B-D,5,10,2026-02-15
CARS.N0000,220,58.6,24.5,55.0,50.0,95.0,95.0,37.0,12.0,retail,low,neutral,1.0,mixed,0.0,0.0,0.0,95.0,95.0,95.0,1B-D,5,10,2026-02-15
RCH.N0000,221,58.1,24.5,50.0,50.0,95.0,95.0,12.0,37.0,mixed,moderate,neutral,1.0,mixed,0.0,0.0,0.0,95.0,95.0,95.0,1B-D,5,10,2026-02-15
COMD.N0000,222,58.1,24.5,50.0,50.0,95.0,95.0,37.0,12.0,retail,moderate,neutral,1.0,mixed,0.0,0.0,0.0,95.0,95.0,95.0,1B-D,5,10,2026-02-15
CTHR.N0000,223,58.1,24.5,50.0,50.0,95.0,95.0,37.0,12.0,retail,moderate,neutral,1.0,mixed,0.0,0.0,0.0,95.0,95.0,95.0,1B-D,5,10,2026-02-15
CONN.N0000,224,58.1,24.5,50.0,50.0,95.0,95.0,12.0,37.0,retail,moderate,neutral,1.0,mixed,0.0,0.0,0.0,95.0,95.0,95.0,1B-D,5,10,2026-02-15
LGL.X0000,225,58.1,24.5,50.0,50.0,95.0,95.0,12.0,37.0,retail,moderate,neutral,1.0,mixed,0.0,0.0,0.0,95.0,95.0,95.0,1B-D,5,10,2026-02-15
ASHO.N0000,226,58.1,24.5,50.0,50.0,95.0,95.0,37.0,12.0,retail,moderate,neutral,1.0,mixed,0.0,0.0,0.0,95.0,95.0,95.0,1B-D,5,10,2026-02-15
MRH.N0000,227,58.1,24.5,50.0,50.0,95.0,95.0,12.0,37.0,retail,moderate,neutral,1.0,mixed,0.0,0.0,0.0,95.0,95.0,95.0,1B-D,5,10,2026-02-15
CABO.N0000,228,58.1,24.5,50.0,50.0,95.0,95.0,37.0,12.0,retail,moderate,neutral,1.0,mixed,0.0,0.0,0.0,95.0,95.0,95.0,1B-D,5,10,2026-02-15
SFCL.N0000,229,58.1,24.5,50.0,50.0,95.0,95.0,37.0,12.0,retail,moderate,neutral,1.0,mixed,0.0,0.0,0.0,95.0,95.0,95.0,1B-D,5,10,2026-02-15
INME.N0000,230,57.6,24.5,45.0,50.0,95.0,95.0,37.0,12.0,retail,high,neutral,1.0,mixed,0.0,0.0,0.0,95.0,95.0,95.0,1B-D,5,10,2026-02-15
CHL.X0000,231,57.6,24.5,45.0,50.0,95.0,95.0,37.0,12.0,retail,high,neutral,1.0,mixed,0.0,0.0,0.0,95.0,95.0,95.0,1B-D,5,10,2026-02-15
GUAR.N0000,232,57.6,24.5,45.0,50.0,95.0,95.0,37.0,12.0,retail,high,neutral,1.0,mixed,0.0,0.0,0.0,95.0,95.0,95.0,1B-D,5,10,2026-02-15
ABAN.N0000,233,57.6,24.5,45.0,50.0,95.0,95.0,37.0,12.0,retail,high,neutral,1.0,mixed,0.0,0.0,0.0,95.0,95.0,95.0,1B-D,5,10,2026-02-15
ODEL.N0000,234,57.6,24.5,45.0,50.0,95.0,95.0,12.0,37.0,retail,high,neutral,1.0,mixed,0.0,0.0,0.0,95.0,95.0,95.0,1B-D,5,10,2026-02-15
SMOT.N0000,235,57.6,24.5,45.0,50.0,95.0,95.0,37.0,12.0,retail,high,neutral,1.0,mixed,0.0,0.0,0.0,95.0,95.0,95.0,1B-D,5,10,2026-02-15
SHOT.N0000,236,57.6,24.5,45.0,50.0,95.0,95.0,12.0,37.0,mixed,high,neutral,1.0,mixed,0.0,0.0,0.0,95.0,95.0,95.0,1B-D,5,10,2026-02-15
CHL.N0000,237,57.1,24.5,40.0,50.0,95.0,95.0,37.0,12.0,retail,very_high,neutral,1.0,mixed,0.0,0.0,0.0,95.0,95.0,95.0,1B-D,5,10,2026-02-15
TANG.N0000,238,55.4,12.0,60.0,50.0,95.0,95.0,12.0,12.0,retail,very_low,neutral,1.0,mixed,0.0,0.0,0.0,95.0,95.0,95.0,1B-D,5,10,2026-02-15
UDPL.N0000,239,55.4,12.0,60.0,50.0,95.0,95.0,12.0,12.0,retail,very_low,neutral,1.0,mixed,0.0,0.0,0.0,95.0,95.0,95.0,1B-D,5,10,2026-02-15
KFP.N0000,240,55.4,12.0,60.0,50.0,95.0,95.0,12.0,12.0,retail,very_low,neutral,1.0,mixed,0.0,0.0,0.0,95.0,95.0,95.0,1B-D,5,10,2026-02-15
CERA.N0000,241,55.4,12.0,60.0,50.0,95.0,95.0,12.0,12.0,retail,very_low,neutral,1.0,mixed,0.0,0.0,0.0,95.0,95.0,95.0,1B-D,5,10,2026-02-15
PARA.N0000,242,55.4,12.0,60.0,50.0,95.0,95.0,12.0,12.0,retail,very_low,neutral,1.0,mixed,0.0,0.0,0.0,95.0,95.0,95.0,1B-D,5,10,2026-02-15
SLND.N0000,243,55.4,12.0,60.0,50.0,95.0,95.0,12.0,12.0,retail,very_low,neutral,1.0,mixed,0.0,0.0,0.0,95.0,95.0,95.0,1B-D,5,10,2026-02-15
GREG.N0000,244,55.4,12.0,60.0,50.0,95.0,95.0,12.0,12.0,retail,very_low,neutral,1.0,mixed,0.0,0.0,0.0,95.0,95.0,95.0,1B-D,5,10,2026-02-15
LHL.N0000,245,55.4,12.0,60.0,50.0,95.0,95.0,12.0,12.0,retail,very_low,neutral,1.0,mixed,0.0,0.0,0.0,95.0,95.0,95.0,1B-D,5,10,2026-02-15
HAPU.N0000,246,55.4,12.0,60.0,50.0,95.0,95.0,12.0,12.0,retail,very_low,neutral,1.0,mixed,0.0,0.0,0.0,95.0,95.0,95.0,1B-D,5,10,2026-02-15
TRAN.N0000,247,55.4,12.0,60.0,50.0,95.0,95.0,12.0,12.0,retail,very_low,neutral,1.0,mixed,0.0,0.0,0.0,95.0,95.0,95.0,1B-D,5,10,2026-02-15
LION.N0000,248,55.4,12.0,60.0,50.0,95.0,95.0,12.0,12.0,retail,very_low,neutral,1.0,mixed,0.0,0.0,0.0,95.0,95.0,95.0,1B-D,5,10,2026-02-15
JKL.N0000,249,55.4,12.0,60.0,50.0,95.0,95.0,12.0,12.0,retail,very_low,neutral,1.0,mixed,0.0,0.0,0.0,95.0,95.0,95.0,1B-D,5,10,2026-02-15
KGAL.N0000,250,55.4,12.0,60.0,50.0,95.0,95.0,12.0,12.0,retail,very_low,neutral,1.0,mixed,0.0,0.0,0.0,95.0,95.0,95.0,1B-D,5,10,2026-02-15
SDF.N0000,251,55.4,12.0,60.0,50.0,95.0,95.0,12.0,12.0,retail,very_low,neutral,1.0,mixed,0.0,0.0,0.0,95.0,95.0,95.0,1B-D,5,10,2026-02-15
SDB.N0000,252,55.4,12.0,60.0,50.0,95.0,95.0,12.0,12.0,retail,very_low,neutral,1.0,mixed,0.0,0.0,0.0,95.0,95.0,95.0,1B-D,5,10,2026-02-15
BUKI.N0000,253,55.4,12.0,60.0,50.0,95.0,95.0,12.0,12.0,retail,very_low,neutral,1.0,mixed,0.0,0.0,0.0,95.0,95.0,95.0,1B-D,5,10,2026-02-15
CDB.N0000,254,55.4,12.0,60.0,50.0,95.0,95.0,12.0,12.0,retail,very_low,neutral,1.0,mixed,0.0,0.0,0.0,95.0,95.0,95.0,1B-D,5,10,2026-02-15
MAL.N0000,255,55.4,12.0,60.0,50.0,95.0,95.0,12.0,12.0,retail,very_low,neutral,1.0,mixed,0.0,0.0,0.0,95.0,95.0,95.0,1B-D,5,10,2026-02-15
BALA.N0000,256,55.4,12.0,60.0,50.0,95.0,95.0,12.0,12.0,retail,very_low,neutral,1.0,mixed,0.0,0.0,0.0,95.0,95.0,95.0,1B-D,5,10,2026-02-15
BRR.N0000,257,55.4,12.0,60.0,50.0,95.0,95.0,12.0,12.0,retail,very_low,neutral,1.0,mixed,0.0,0.0,0.0,95.0,95.0,95.0,1B-D,5,10,2026-02-15
BOPL.N0000,258,55.4,12.0,60.0,50.0,95.0,95.0,12.0,12.0,retail,very_low,neutral,1.0,mixed,0.0,0.0,0.0,95.0,95.0,95.0,1B-D,5,10,2026-02-15
CFLB.N0000,259,55.4,12.0,60.0,50.0,95.0,95.0,12.0,12.0,retail,very_low,neutral,1.0,mixed,0.0,0.0,0.0,95.0,95.0,95.0,1B-D,5,10,2026-02-15
HOPL.N0000,260,54.9,12.0,55.0,50.0,95.0,95.0,12.0,12.0,retail,low,neutral,1.0,mixed,0.0,0.0,0.0,95.0,95.0,95.0,1B-D,5,10,2026-02-15
RFL.N0000,261,54.9,12.0,55.0,50.0,95.0,95.0,12.0,12.0,retail,low,neutral,1.0,mixed,0.0,0.0,0.0,95.0,95.0,95.0,1B-D,5,10,2026-02-15
VLL.X0000,262,54.9,12.0,55.0,50.0,95.0,95.0,12.0,12.0,retail,low,neutral,1.0,mixed,0.0,0.0,0.0,95.0,95.0,95.0,1B-D,5,10,2026-02-15
RENU.N0000,263,54.9,12.0,55.0,50.0,95.0,95.0,12.0,12.0,retail,low,neutral,1.0,mixed,0.0,0.0,0.0,95.0,95.0,95.0,1B-D,5,10,2026-02-15
TAJ.N0000,264,54.9,12.0,55.0,50.0,95.0,95.0,12.0,12.0,retail,low,neutral,1.0,mixed,0.0,0.0,0.0,95.0,95.0,95.0,1B-D,5,10,2026-02-15
LCEY.N0000,265,54.9,12.0,55.0,50.0,95.0,95.0,12.0,12.0,retail,low,neutral,1.0,mixed,0.0,0.0,0.0,95.0,95.0,95.0,1B-D,5,10,2026-02-15
LPL.X0000,266,54.9,12.0,55.0,50.0,95.0,95.0,12.0,12.0,retail,low,neutral,1.0,mixed,0.0,0.0,0.0,95.0,95.0,95.0,1B-D,5,10,2026-02-15
CALI.U0000,267,54.9,12.0,55.0,50.0,95.0,95.0,12.0,12.0,retail,low,neutral,1.0,mixed,0.0,0.0,0.0,95.0,95.0,95.0,1B-D,5,10,2026-02-15
MASK.N0000,268,54.9,12.0,55.0,50.0,95.0,95.0,12.0,12.0,retail,low,neutral,1.0,mixed,0.0,0.0,0.0,95.0,95.0,95.0,1B-D,5,10,2026-02-15
CDB.X0000,269,54.9,12.0,55.0,50.0,95.0,95.0,12.0,12.0,retail,low,neutral,1.0,mixed,0.0,0.0,0.0,95.0,95.0,95.0,1B-D,5,10,2026-02-15
BREW.N0000,270,54.9,12.0,55.0,50.0,95.0,95.0,12.0,12.0,retail,low,neutral,1.0,mixed,0.0,0.0,0.0,95.0,95.0,95.0,1B-D,5,10,2026-02-15
ATLL.N0000,271,54.9,12.0,55.0,50.0,95.0,95.0,12.0,12.0,retail,low,neutral,1.0,mixed,0.0,0.0,0.0,95.0,95.0,95.0,1B-D,5,10,2026-02-15
COLO.N0000,272,54.9,12.0,55.0,50.0,95.0,95.0,12.0,12.0,retail,low,neutral,1.0,mixed,0.0,0.0,0.0,95.0,95.0,95.0,1B-D,5,10,2026-02-15
CINS.X0000,273,54.9,12.0,55.0,50.0,95.0,95.0,12.0,12.0,retail,low,neutral,1.0,mixed,0.0,0.0,0.0,95.0,95.0,95.0,1B-D,5,10,2026-02-15
ETWO.N0000,274,54.9,12.0,55.0,50.0,95.0,95.0,12.0,12.0,retail,low,neutral,1.0,mixed,0.0,0.0,0.0,95.0,95.0,95.0,1B-D,5,10,2026-02-15
LVEN.N0000,275,54.9,12.0,55.0,50.0,95.0,95.0,12.0,12.0,retail,low,neutral,1.0,mixed,0.0,0.0,0.0,95.0,95.0,95.0,1B-D,5,10,2026-02-15
CFI.N0000,276,54.9,12.0,55.0,50.0,95.0,95.0,12.0,12.0,retail,low,neutral,1.0,mixed,0.0,0.0,0.0,95.0,95.0,95.0,1B-D,5,10,2026-02-15
CIT.N0000,277,54.9,12.0,55.0,50.0,95.0,95.0,12.0,12.0,retail,low,neutral,1.0,mixed,0.0,0.0,0.0,95.0,95.0,95.0,1B-D,5,10,2026-02-15
REXP.N0000,278,54.9,12.0,55.0,50.0,95.0,95.0,12.0,12.0,retail,low,neutral,1.0,mixed,0.0,0.0,0.0,95.0,95.0,95.0,1B-D,5,10,2026-02-15
CTLD.N0000,279,54.4,12.0,50.0,50.0,95.0,95.0,12.0,12.0,retail,moderate,neutral,1.0,mixed,0.0,0.0,0.0,95.0,95.0,95.0,1B-D,5,10,2026-02-15
HUNT.N0000,280,54.4,12.0,50.0,50.0,95.0,95.0,12.0,12.0,retail,moderate,neutral,1.0,mixed,0.0,0.0,0.0,95.0,95.0,95.0,1B-D,5,10,2026-02-15
ECL.N0000,281,54.4,12.0,50.0,50.0,95.0,95.0,12.0,12.0,retail,moderate,neutral,1.0,mixed,0.0,0.0,0.0,95.0,95.0,95.0,1B-D,5,10,2026-02-15
NTB.X0000,282,54.4,12.0,50.0,50.0,95.0,95.0,12.0,12.0,retail,moderate,neutral,1.0,mixed,0.0,0.0,0.0,95.0,95.0,95.0,1B-D,5,10,2026-02-15
ONAL.N0000,283,54.4,12.0,50.0,50.0,95.0,95.0,12.0,12.0,retail,moderate,neutral,1.0,mixed,0.0,0.0,0.0,95.0,95.0,95.0,1B-D,5,10,2026-02-15
HARI.N0000,284,54.4,12.0,50.0,50.0,95.0,95.0,12.0,12.0,retail,moderate,neutral,1.0,mixed,0.0,0.0,0.0,95.0,95.0,95.0,1B-D,5,10,2026-02-15
PALM.N0000,285,54.4,12.0,50.0,50.0,95.0,95.0,12.0,12.0,retail,moderate,neutral,1.0,mixed,0.0,0.0,0.0,95.0,95.0,95.0,1B-D,5,10,2026-02-15
CALC.U0000,286,53.9,12.0,45.0,50.0,95.0,95.0,12.0,12.0,retail,high,neutral,1.0,mixed,0.0,0.0,0.0,95.0,95.0,95.0,1B-D,5,10,2026-02-15
PEG.N0000,287,53.9,12.0,45.0,50.0,95.0,95.0,12.0,12.0,retail,high,neutral,1.0,mixed,0.0,0.0,0.0,95.0,95.0,95.0,1B-D,5,10,2026-02-15
UCAR.N0000,288,53.4,12.0,40.0,50.0,95.0,95.0,12.0,12.0,retail,very_high,neutral,1.0,mixed,0.0,0.0,0.0,95.0,95.0,95.0,1B-D,5,10,2026-02-15
AGST.X0000,289,53.4,12.0,40.0,50.0,95.0,95.0,12.0,12.0,retail,very_high,neutral,1.0,mixed,0.0,0.0,0.0,95.0,95.0,95.0,1B-D,5,10,2026-02-15
